Citizenship,Big Bend Sector,Del Rio Sector,El Centro Sector,El Paso Sector,Laredo Sector,Rio Grande Valley Sector,San Diego Sector,Tucson Sector,Yuma Sector,Fiscal.Year,,Source:,https://www.cbp.gov/sites/default/files/assets/documents/2020-Jan/U.S.%20Border%20Patrol%20Nationwide%20Apprehensions%20by%20Citizenship%20and%20Sector%20%28FY2007%20-%20FY%202019%29_1.pdf
AFGHANISTAN,,,,,,,,,1,2007,,,
ALBANIA,,,,1,3,4,,,,2007,,,
ALGERIA,,,,,1,,,,,2007,,,
ANGOLA,,,1,,,,,,,2007,,,
ANTIGUA-BARBUDA,,,,,,,,,,2007,,,
ARGENTINA,,2,6,3,7,15,8,17,6,2007,,,
ARMENIA,,,,,,,5,,,2007,,,
AUSTRALIA,1,1,,,,,,,,2007,,,
AUSTRIA,,,,,,,,,,2007,,,
AZERBAIJAN,,,,,,,,,,2007,,,
BAHAMAS,1,,,1,,,1,,,2007,,,
BANGLADESH,,,,,1,21,,1,,2007,,,
BARBADOS,,,,,,,,,,2007,,,
BELARUS,,,,,,,,1,,2007,,,
BELGIUM,,,,,,,,,1,2007,,,
BELIZE,,3,3,2,6,21,4,4,,2007,,,
BENIN,,,,,,,,,,2007,,,
BHUTAN,,,,,,,,,,2007,,,
BOLIVIA,,2,,2,15,46,9,2,,2007,,,
BOSNIA-HERZEGOVINA,,,,1,,1,,1,,2007,,,
BRAZIL,5,5,1,16,172,793,6,9,1,2007,,,
BULGARIA,1,1,,,2,1,1,4,,2007,,,
BURKINA FASO,1,,,,,,,,,2007,,,
BURMA,,,1,,,3,,3,,2007,,,
CAMBODIA,,,,1,,,1,1,,2007,,,
CAMEROON,,,,,,1,,1,,2007,,,
CANADA,4,,2,,2,3,1,1,2,2007,,,
CAPE VERDE,,,,,,,,,,2007,,,
CENTRAL AFRICAN REPUBLIC,,,,,,1,,,,2007,,,
CHILE,2,,4,13,5,7,11,12,2,2007,,,
"CHINA, PEOPLES REPUBLIC OF",4,3,20,5,101,553,3,38,3,2007,,,
COLOMBIA,7,15,3,125,26,88,13,24,1,2007,,,
CONGO,1,1,,,,,,,,2007,,,
COSTA RICA,3,3,1,34,17,42,5,40,4,2007,,,
CROATIA,1,,,,,,,,,2007,,,
CUBA,9,6,5,16,23,52,2,16,2,2007,,,
CZECH REPUBLIC,1,,,3,,1,2,1,2,2007,,,
CZECHOSLOVAKIA,,,,,,,,1,,2007,,,
DOMINICA,,,,,,,,,,2007,,,
DOMINICAN REPUBLIC,,1,,15,54,112,3,9,,2007,,,
ECUADOR,6,1,13,33,215,164,22,294,21,2007,,,
EGYPT,1,,,,,,,1,,2007,,,
EL SALVADOR,115,921,190,785,"2,442","6,508",313,"2,174",154,2007,,,
ERITREA,,,,,2,86,,,,2007,,,
ESTONIA,1,,,,,,,,,2007,,,
ETHIOPIA,,1,,,2,42,1,,,2007,,,
FRANCE,3,1,2,1,,2,,,,2007,,,
GABON,,,,,,,,,,2007,,,
GAMBIA,,,,1,,1,,,,2007,,,
GEORGIA,,,,,,,,1,,2007,,,
GERMANY,3,,,,,1,2,,,2007,,,
GHANA,,,,,,6,,,,2007,,,
GREECE,,,,,,,,1,,2007,,,
GRENADA,1,,,,,,,,,2007,,,
GUAM,,,,,,,,1,,2007,,,
GUATEMALA,157,872,195,"1,484","1,821","3,972",548,"7,045",213,2007,,,
GUINEA,,,,,,1,,1,,2007,,,
GUYANA,,,,,2,2,,3,,2007,,,
HAITI,,2,,1,,75,2,,,2007,,,
HONDURAS,100,4564,136,457,6414,7896,217,1775,144,2007,,,
HONG KONG,,,,,,,,,,2007,,,
HUNGARY,,1,,1,,2,,,1,2007,,,
ICELAND,,,,,,,,,,2007,,,
INDIA,5,,,2,30,27,4,5,3,2007,,,
INDONESIA,7,,,1,1,,,1,2,2007,,,
IRAN,1,,1,,2,2,3,3,,2007,,,
IRAQ,,,,1,5,5,3,,1,2007,,,
IRELAND,,,,,,,,,,2007,,,
ISRAEL,4,3,,,,3,5,3,,2007,,,
ITALY,,,,,2,,1,,,2007,,,
IVORY COAST,,,,1,,,1,1,,2007,,,
JAMAICA,2,4,,4,1,8,1,4,2,2007,,,
JAPAN,1,1,,2,,,,,1,2007,,,
JORDAN,1,,,2,,1,2,1,1,2007,,,
KAZAKHSTAN,,1,,,1,,,,,2007,,,
KENYA,2,,,2,,5,,,,2007,,,
KOREA,,1,2,2,,8,3,2,,2007,,,
KUWAIT,,,,,,,2,,,2007,,,
LAOS,3,,,,,,,1,,2007,,,
LATVIA,,,,1,,,,,,2007,,,
LEBANON,,1,,,1,1,4,1,,2007,,,
LIBERIA,,,,,,6,,1,,2007,,,
LITHUANIA,,,,,3,2,,,2,2007,,,
MACEDONIA,,,,,2,4,,1,,2007,,,
MALAWI,,,,,,,,,,2007,,,
MALAYSIA,,,,1,1,,,,,2007,,,
MALI,,,,,,,,,,2007,,,
MAURITANIA,1,,,,1,,,,1,2007,,,
MAURITIUS,,,,,,,,,,2007,,,
MEXICO,5002,16286,55271,72293,44831,51975,151140,366456,37380,2007,,,
MOLDOVA,,,,,,,,,,2007,,,
MOROCCO,,,,1,,,,,,2007,,,
NEPAL,,,,,,4,,,,2007,,,
NETHERLANDS,2,,,,,,,1,,2007,,,
NEW ZEALAND,,,,1,1,,,,1,2007,,,
NICARAGUA,12,194,14,69,295,705,27,154,14,2007,,,
NIGER,,,,,1,,,,,2007,,,
NIGERIA,4,1,,,1,2,3,1,,2007,,,
NORTH KOREA,,,,,3,,,,,2007,,,
NORWAY,1,,,1,,,,,,2007,,,
PAKISTAN,,,,,,,1,2,,2007,,,
PALAU,,,,,,,,,,2007,,,
PANAMA,3,1,,4,1,4,1,2,,2007,,,
PAPUA NEW GUINEA,,,,,,,,,,2007,,,
PARAGUAY,,1,2,2,2,3,1,1,,2007,,,
PERU,5,3,2,36,96,40,13,51,8,2007,,,
PHILIPPINES,19,,2,2,,3,21,5,2,2007,,,
POLAND,,2,2,5,6,3,1,2,1,2007,,,
PORTUGAL,,,,,,1,,,,2007,,,
ROMANIA,2,,,3,12,34,9,5,,2007,,,
RUSSIA,3,,,2,1,1,1,1,1,2007,,,
RWANDA,,,,,,,,,,2007,,,
SAO TOME AND PRINCIPE,,,,,1,,,,,2007,,,
SAUDI ARABIA,,,,1,,,,2,,2007,,,
SENEGAL,,,,,,,,,,2007,,,
SERBIA AND MONTENEGRO,,,,,15,2,,1,,2007,,,
SINGAPORE,,1,,,,,,,,2007,,,
SLOVAKIA,,,,,,,,,1,2007,,,
SOMALIA,,2,,,1,17,7,,1,2007,,,
SOUTH AFRICA,2,1,,,,1,1,,,2007,,,
SOUTH KOREA,3,1,,5,,6,,6,1,2007,,,
SPAIN,1,,1,3,,1,1,,1,2007,,,
SRI LANKA,,,,,2,2,,,,2007,,,
ST. KITTS-NEVIS,,,,,,,,,,2007,,,
ST. LUCIA,,,,,,,,,,2007,,,
ST. VINCENT-GRENADINES,,,,,,,,,,2007,,,
STATELESS,,,,,,,,,,2007,,,
SUDAN,,,,,,,,,,2007,,,
SURINAME,,1,,,,,,,,2007,,,
SWEDEN,,,,,,,,,,2007,,,
SWITZERLAND,,,,,,,1,1,,2007,,,
SYRIA,,,,1,,,2,,,2007,,,
TAIWAN,,,,1,,,1,,1,2007,,,
TAJIKISTAN,,,,,,,,,,2007,,,
TANZANIA,2,,,2,,1,,1,,2007,,,
THAILAND,1,1,,,,1,1,1,,2007,,,
TOGO,,,,,,,,,,2007,,,
TONGA,,,,,,,1,,3,2007,,,
TRINIDAD AND TOBAGO,3,1,,1,,1,,1,,2007,,,
TUNISIA,1,,,,,,,,,2007,,,
TURKEY,3,,,1,,1,2,8,1,2007,,,
TURKMENISTAN,,,,,,,,,,2007,,,
UGANDA,,,,,,2,1,,,2007,,,
UKRAINE,2,,,,,,2,,2,2007,,,
UNITED KINGDOM,7,,,1,1,2,,,1,2007,,,
UNKNOWN,,,,,1,,,5,,2007,,,
URUGUAY,,2,1,2,3,4,7,10,1,2007,,,
UZBEKISTAN,,,,,,,,1,,2007,,,
VENEZUELA,1,3,2,3,15,17,5,14,,2007,,,
VIETNAM,1,,,2,,1,1,2,,2007,,,
YEMEN,,,,,,,,,,2007,,,
YUGOSLAVIA,,,,1,42,1,,,1,2007,,,
ZAMBIA,,,,,,,,2,,2007,,,
ZIMBABWE,1,,,,,,,1,,2007,,,
AFGHANISTAN,,,,2,,,,1,1,2008,,,
ALBANIA,,,,,8,5,,1,1,2008,,,
ALGERIA,,,1,,,,,,,2008,,,
ANGOLA,,,,,,,,,,2008,,,
ANTIGUA-BARBUDA,,,,,,1,,,,2008,,,
ARGENTINA,4,1,1,3,4,18,10,7,1,2008,,,
ARMENIA,1,,,,,,19,,,2008,,,
AUSTRALIA,1,1,,2,,,,,,2008,,,
AUSTRIA,,,1,,,,,,,2008,,,
BAHAMAS,,,,,,1,,1,,2008,,,
BANGLADESH,,,,,,7,,,,2008,,,
BARBADOS,,,,,,,,,,2008,,,
BELARUS,,,,,,,,,,2008,,,
BELIZE,1,6,2,3,4,34,5,3,1,2008,,,
BENIN,1,,,,,,,,,2008,,,
BERMUDA,1,,,,,,,,,2008,,,
BHUTAN,,,,,,3,,,,2008,,,
BOLIVIA,,,,,13,33,3,5,,2008,,,
BOSNIA-HERZEGOVINA,1,,,,,1,1,,,2008,,,
BOTSWANA,1,,,,,,,,,2008,,,
BRAZIL,5,4,2,7,154,515,6,16,2,2008,,,
BULGARIA,1,,1,1,2,,2,2,2,2008,,,
BURKINA FASO,,,,,,,,,,2008,,,
BURMA,1,,,,3,2,,3,,2008,,,
CAMBODIA,,,,,,,1,,,2008,,,
CAMEROON,1,,,1,,1,,,,2008,,,
CANADA,1,2,1,1,,,4,1,,2008,,,
CAPE VERDE,,,,,,,,,,2008,,,
CHAD,,,,,,,,,,2008,,,
CHILE,,,3,6,4,9,8,13,2,2008,,,
"CHINA, PEOPLES REPUBLIC OF",18,5,14,14,69,526,15,38,3,2008,,,
COLOMBIA,5,14,2,47,22,98,7,20,,2008,,,
CONGO,2,,,,,,,,,2008,,,
COSTA RICA,,2,4,10,10,76,4,31,,2008,,,
CROATIA,,,,,,,,,,2008,,,
CUBA,9,2,,7,24,66,9,14,1,2008,,,
CYPRUS,,,,,,,,,1,2008,,,
CZECH REPUBLIC,,1,,2,,1,1,,,2008,,,
CZECHOSLOVAKIA,,,,,,,,,,2008,,,
DEM REP OF THE CONGO,,,,,,,,,,2008,,,
DENMARK,,,,,,,,,,2008,,,
DJIBOUTI,,,,,,,,,,2008,,,
DOMINICA,,,,,,,,,,2008,,,
DOMINICAN REPUBLIC,,3,2,10,83,188,3,27,2,2008,,,
ECUADOR,4,20,28,21,276,221,14,798,2,2008,,,
EGYPT,,,,,,2,2,,,2008,,,
EL SALVADOR,112,"1,113",244,235,"1,823","5,890",324,"2,316",76,2008,,,
ERITREA,,,,,19,163,1,,,2008,,,
ESTONIA,1,,,,,,,,,2008,,,
ETHIOPIA,1,,,,9,41,,,,2008,,,
FIJI,2,,,,1,,,,,2008,,,
FRANCE,1,1,2,,,2,,,,2008,,,
GABON,1,,,,,,,,,2008,,,
GAMBIA,,,1,,,,,,,2008,,,
GEORGIA,,,,,,3,,13,,2008,,,
GERMANY,1,,1,5,,1,,,1,2008,,,
GHANA,1,,,,1,5,1,,,2008,,,
GREECE,,,,,,,2,,,2008,,,
GRENADA,,,,,,,,,,2008,,,
GUADELOUPE,,,,,1,,,,,2008,,,
GUATEMALA,214,842,225,428,"1,389","4,117",729,"7,106",93,2008,,,
GUINEA,1,,,1,,1,,,,2008,,,
GUYANA,,,,,3,4,,,,2008,,,
HAITI,2,,,1,5,12,,,,2008,,,
HONDURAS,119,"3,633",215,265,"4,916","7,073",272,"1,491",126,2008,,,
HONG KONG,1,,,,,1,,,,2008,,,
HUNGARY,,,,,,,2,,,2008,,,
ICELAND,,,,,,,,,,2008,,,
INDIA,8,5,,3,16,31,5,8,1,2008,,,
INDONESIA,3,,1,2,1,1,,,,2008,,,
IRAN,1,,,1,1,,6,,,2008,,,
IRAQ,,,,,,1,,1,2,2008,,,
IRELAND,,1,,,,3,,,,2008,,,
ISRAEL,4,,2,,,5,2,,3,2008,,,
ITALY,2,,1,2,,,4,,1,2008,,,
IVORY COAST,1,,,,1,,,,,2008,,,
JAMAICA,3,2,,3,,9,1,3,2,2008,,,
JAPAN,1,,,2,,,,,1,2008,,,
JORDAN,3,,,,,,1,2,,2008,,,
KAZAKHSTAN,,,,,,,,,,2008,,,
KENYA,3,,,1,1,1,1,4,,2008,,,
KOREA,3,,1,5,,,1,,,2008,,,
KUWAIT,,,,1,1,,,,,2008,,,
LAOS,1,,,1,,1,,,1,2008,,,
LATVIA,,,,,,,,,,2008,,,
LEBANON,,,,2,,,,2,1,2008,,,
LIBERIA,1,,,,,,,,,2008,,,
LITHUANIA,,,,,,,2,1,1,2008,,,
MACEDONIA,,,,1,2,5,,,,2008,,,
MALAYSIA,,,,,,2,,,,2008,,,
MALI,,,,,1,,,,,2008,,,
MAURITANIA,,,,,,,,,,2008,,,
MEXICO,"4,756","14,916","40,159","29,137","34,403","55,401","160,818","305,429","8,016",2008,,,
MOLDOVA,,,,3,,1,,,,2008,,,
MONGOLIA,,,1,,,,,,,2008,,,
MONTSERRAT,,,,,,,,,,2008,,,
MOROCCO,1,,,,,,,,,2008,,,
MOZAMBIQUE,,,,,,,,,,2008,,,
NEPAL,2,,2,1,1,25,,5,,2008,,,
NETHERLANDS,5,,,,,,1,,,2008,,,
NEW ZEALAND,,,,1,,,,,,2008,,,
NICARAGUA,16,160,15,21,239,703,30,140,3,2008,,,
NIGER,,,,,,,,,,2008,,,
NIGERIA,3,1,,1,2,4,2,,,2008,,,
NORTH KOREA,,,,,,,,,,2008,,,
NORWAY,,,,,,,,,,2008,,,
PAKISTAN,1,,,2,,7,1,3,,2008,,,
PANAMA,,,,,4,17,2,4,,2008,,,
PAPUA NEW GUINEA,,,,,,,,,,2008,,,
PARAGUAY,,,,1,,2,,3,,2008,,,
PERU,7,13,9,6,69,40,22,114,5,2008,,,
PHILIPPINES,15,5,3,8,,1,7,1,2,2008,,,
POLAND,,1,1,1,4,4,2,1,,2008,,,
PORTUGAL,,,1,1,,1,,,1,2008,,,
ROMANIA,4,3,1,1,4,8,5,21,,2008,,,
RUSSIA,,,1,3,1,1,2,1,1,2008,,,
RWANDA,,1,,,,,,,,2008,,,
SENEGAL,,,,,,2,,,,2008,,,
SERBIA AND MONTENEGRO,,,,,14,5,1,,,2008,,,
SIERRA LEONE,,,,,,1,,,,2008,,,
SINGAPORE,,,,,,,,,,2008,,,
SLOVAKIA,,,,,,,,2,,2008,,,
SOMALIA,1,,,,1,11,2,,,2008,,,
SOUTH AFRICA,1,,,3,,1,1,,1,2008,,,
SOUTH KOREA,13,1,3,3,2,5,1,1,1,2008,,,
SPAIN,,,,,,,1,,,2008,,,
SRI LANKA,1,,,1,9,22,,1,,2008,,,
ST. LUCIA,1,,,,,,,,,2008,,,
ST. VINCENT-GRENADINES,,,,,,,,,,2008,,,
SUDAN,,,,,,2,,,,2008,,,
SWEDEN,1,,,,,,,,,2008,,,
SWITZERLAND,,,1,,,,,,,2008,,,
SYRIA,,,,,,,,,,2008,,,
TAIWAN,1,,,2,,,,,1,2008,,,
TAJIKISTAN,,,,,,,,,,2008,,,
TANZANIA,,,,,,1,1,,,2008,,,
THAILAND,1,,,3,,,2,,1,2008,,,
TOGO,,,,,1,,,,,2008,,,
TONGA,,,,,,,,,,2008,,,
TRINIDAD AND TOBAGO,,,,2,,1,,1,,2008,,,
TUNISIA,,,,,1,,,,,2008,,,
TURKEY,1,,1,2,7,6,8,4,1,2008,,,
TURKS AND CAICOS ISLANDS,,,,,,,,,,2008,,,
UGANDA,,1,,,,,,,,2008,,,
UKRAINE,,,,1,,1,,2,,2008,,,
UNITED KINGDOM,2,,1,2,,3,1,2,1,2008,,,
UNKNOWN,,,,,,,,7,,2008,,,
URUGUAY,1,,4,3,8,4,2,5,,2008,,,
UZBEKISTAN,2,,1,1,,,,1,,2008,,,
VENEZUELA,,,1,3,7,11,9,17,,2008,,,
VIETNAM,6,,1,3,,1,,1,,2008,,,
YEMEN,,,,,,,,,,2008,,,
YUGOSLAVIA,,1,,,14,1,,2,,2008,,,
ZAMBIA,,,,,,,,,1,2008,,,
ZIMBABWE,,,,,,,1,,,2008,,,
AFGHANISTAN,,,,,1,,1,,,2009,,,
ALBANIA,,,,,13,5,,2,,2009,,,
ALGERIA,,1,,2,,,,1,,2009,,,
ANGOLA,,,,,,,,,,2009,,,
ANTIGUA-BARBUDA,,,,,,,,1,,2009,,,
ARGENTINA,1,4,1,,5,17,4,12,1,2009,,,
ARMENIA,2,,,,,4,,,,2009,,,
ARUBA,,,,,,,1,,,2009,,,
AUSTRALIA,1,,,1,,,,,,2009,,,
AUSTRIA,,,,,,,,,,2009,,,
AZERBAIJAN,,,,,,,,1,,2009,,,
BAHAMAS,,,,,,,1,,,2009,,,
BAHRAIN,,,,,,,,,,2009,,,
BANGLADESH,,2,,,,37,,2,,2009,,,
BARBADOS,1,,,1,,,,,,2009,,,
BELARUS,,,,,,1,,,,2009,,,
BELGIUM,,,,,,,,,,2009,,,
BELIZE,8,3,2,2,12,21,2,9,,2009,,,
BERMUDA,,,,,,,,,,2009,,,
BHUTAN,,,,,,,,,,2009,,,
BOLIVIA,,,,2,9,4,7,4,,2009,,,
BOSNIA-HERZEGOVINA,,,,1,,,,,,2009,,,
BRAZIL,15,5,1,8,350,179,6,11,,2009,,,
BULGARIA,,,,5,,,,,,2009,,,
BURKINA FASO,1,,,,,,,,,2009,,,
BURMA,,,,,,,,1,,2009,,,
BURUNDI,,,,,,,,,,2009,,,
CAMBODIA,2,1,,,,,,,1,2009,,,
CAMEROON,1,1,,,,7,,,,2009,,,
CANADA,2,,1,1,1,2,1,2,,2009,,,
CAPE VERDE,,,,,,,,,,2009,,,
CHAD,,,,,,,,,,2009,,,
CHILE,2,,1,7,4,9,6,6,,2009,,,
"CHINA, PEOPLES REPUBLIC OF",16,42,11,11,204,716,15,332,11,2009,,,
COLOMBIA,6,6,2,27,34,104,9,45,,2009,,,
CONGO,,,,,,3,,,,2009,,,
COSTA RICA,1,10,1,13,9,51,8,52,,2009,,,
CUBA,5,1,1,3,26,45,9,13,2,2009,,,
CYPRUS,,,,,,,,,,2009,,,
CZECH REPUBLIC,,,,,,,1,1,1,2009,,,
CZECHOSLOVAKIA,,,,,,,,,,2009,,,
DEM REP OF THE CONGO,,,,,,,,,,2009,,,
DENMARK,,,,,,,,,,2009,,,
DOMINICA,,,,,,,,,,2009,,,
DOMINICAN REPUBLIC,,4,2,7,147,201,6,119,,2009,,,
ECUADOR,14,5,13,28,334,148,6,621,,2009,,,
EGYPT,,,,,,,,1,,2009,,,
EL SALVADOR,160,877,249,205,"1,856","5,018",316,"2,390",110,2009,,,
EQUATORIAL GUINEA,1,,,,,,,,,2009,,,
ERITREA,1,,2,1,10,155,2,,,2009,,,
ESTONIA,,,,1,,,,,,2009,,,
ETHIOPIA,,,,,2,76,1,,1,2009,,,
FRANCE,,,,,,1,,,,2009,,,
GABON,,,,,,,,,,2009,,,
GAMBIA,1,,,,,1,,,1,2009,,,
GEORGIA,1,,,,7,,1,13,,2009,,,
GERMANY,6,,,1,,1,,1,,2009,,,
GHANA,2,,2,1,3,6,,,,2009,,,
GREECE,,,,,,1,,,,2009,,,
GRENADA,,,,,,,,,,2009,,,
GUADELOUPE,,,,,,,,1,,2009,,,
GUATEMALA,223,716,374,400,"1,842","3,413",676,"6,364",117,2009,,,
GUINEA,,,,,1,,,,,2009,,,
GUYANA,,,,,,,,,,2009,,,
HAITI,1,,1,,3,71,,1,1,2009,,,
HONDURAS,181,"2,427",205,268,"3,523","5,004",282,"1,331",123,2009,,,
HONG KONG,,1,,,,,,,,2009,,,
HUNGARY,1,,,1,,1,2,,,2009,,,
INDIA,6,2,6,6,18,39,9,10,3,2009,,,
INDONESIA,2,4,,,,1,2,1,,2009,,,
IRAN,,2,,1,,,5,1,1,2009,,,
IRAQ,,,1,,1,4,3,1,,2009,,,
IRELAND,,,,1,,2,,,,2009,,,
ISRAEL,2,1,1,3,,6,1,1,,2009,,,
ITALY,3,,,1,1,1,,1,,2009,,,
IVORY COAST,,,,,,,,,,2009,,,
JAMAICA,10,1,,6,,14,4,6,1,2009,,,
JAPAN,,,1,1,,,1,1,1,2009,,,
JORDAN,1,,,1,,1,2,,1,2009,,,
KAZAKHSTAN,,,,1,,,,,,2009,,,
KENYA,2,1,1,2,1,1,1,,,2009,,,
KOREA,1,,,2,1,2,,3,,2009,,,
KOSOVO,1,,,,7,,,,,2009,,,
KUWAIT,,,,,,,1,1,,2009,,,
KYRGYZSTAN,,,,,,,,,2,2009,,,
LAOS,3,2,,,,1,1,,,2009,,,
LATVIA,2,,,,,,,,,2009,,,
LEBANON,3,,,,,2,,1,,2009,,,
LIBERIA,,,,,,1,1,,,2009,,,
LITHUANIA,1,,,,,,,,,2009,,,
MACEDONIA,,,,2,4,2,,2,,2009,,,
MALAYSIA,,,,,,,,,,2009,,,
MALI,,,,,,,,,,2009,,,
MARSHALL ISLANDS,,,,,,,,2,,2009,,,
MAURITANIA,,,,,,,,,,2009,,,
MEXICO,"5,573","12,820","32,602","13,887","31,831","45,051","117,227","230,045","6,546",2009,,,
MOLDOVA,,,,,,1,,2,1,2009,,,
MONGOLIA,,,1,,1,,,2,,2009,,,
MONTSERRAT,,,,,,,,,,2009,,,
MOROCCO,,,,,,,,,1,2009,,,
NEPAL,4,1,1,2,2,37,1,,,2009,,,
NETHERLANDS,1,,,,,,,,,2009,,,
NEW ZEALAND,2,,,,,,,,,2009,,,
NICARAGUA,17,118,23,21,182,342,34,92,12,2009,,,
NIGER,,,,,,,,,,2009,,,
NIGERIA,2,,,2,5,5,,,,2009,,,
NORWAY,,,,,,,,1,,2009,,,
PAKISTAN,1,1,,,4,9,,4,,2009,,,
PANAMA,1,,,2,2,14,1,1,,2009,,,
PARAGUAY,1,,1,4,,2,1,2,,2009,,,
PERU,3,6,6,12,75,41,11,88,,2009,,,
PHILIPPINES,6,1,2,5,,4,8,2,4,2009,,,
POLAND,2,1,,2,,3,,3,,2009,,,
PORTUGAL,,,,,,,,,1,2009,,,
PUERTO RICO,,,,,,,1,1,,2009,,,
ROMANIA,2,,,4,3,13,9,33,,2009,,,
RUSSIA,1,2,2,5,,,4,,,2009,,,
RWANDA,,,,1,,,,,,2009,,,
SAMOA,1,,,,,,,,,2009,,,
SAUDI ARABIA,1,,,,,,,,,2009,,,
SENEGAL,,,,,,,1,,,2009,,,
SERBIA AND MONTENEGRO,1,,,1,3,,,,,2009,,,
SIERRA LEONE,,,,,,1,,,,2009,,,
SINGAPORE,1,,,,,,,,,2009,,,
SLOVAKIA,1,,,,,,,,,2009,,,
SOMALIA,1,,,,2,5,3,,1,2009,,,
SOUTH AFRICA,2,,,,1,3,,,,2009,,,
SOUTH KOREA,9,1,1,5,,4,6,2,,2009,,,
SPAIN,1,1,,3,,,2,,1,2009,,,
SRI LANKA,,,,,5,39,,,,2009,,,
ST. KITTS-NEVIS,,,,,,,,,,2009,,,
ST. LUCIA,,,,,,,,,,2009,,,
ST. VINCENT-GRENADINES,,,,1,,,,,,2009,,,
SUDAN,,,,1,,4,1,,,2009,,,
SURINAME,,,,,,,,,,2009,,,
SWEDEN,1,,,,,,,,,2009,,,
SYRIA,,,,,,,,,,2009,,,
TAIWAN,1,,2,,,,,,1,2009,,,
TAJIKISTAN,,,,,,,,,,2009,,,
TANZANIA,,1,,,,,,,,2009,,,
THAILAND,3,1,,1,,3,1,,,2009,,,
TOGO,,,,,1,,,,,2009,,,
TONGA,,,,,,,1,,1,2009,,,
TRINIDAD AND TOBAGO,3,,,1,,,,1,,2009,,,
TUNISIA,,,,,,,,,,2009,,,
TURKEY,,,,,,7,2,1,,2009,,,
TURKMENISTAN,,,,,,,,,,2009,,,
TURKS AND CAICOS ISLANDS,,,,1,,,,,,2009,,,
UGANDA,,,,,,,,,,2009,,,
UKRAINE,1,,,1,,2,,,,2009,,,
UNITED ARAB EMIRATES,,,,,,,,,1,2009,,,
UNITED KINGDOM,10,1,1,1,,1,1,2,1,2009,,,
UNKNOWN,2,,,,1,,1,6,,2009,,,
URUGUAY,4,3,,3,1,4,4,5,,2009,,,
UZBEKISTAN,,,,3,,,,3,,2009,,,
VENEZUELA,,3,,2,8,7,3,7,2,2009,,,
VIETNAM,7,2,,3,1,3,4,,,2009,,,
YEMEN,,,,1,,,,2,,2009,,,
YUGOSLAVIA,,,,,12,3,,,,2009,,,
ZAMBIA,,,,,,,,,,2009,,,
ZIMBABWE,1,,,,,2,,,,2009,,,
AFGHANISTAN,,5,,,,,,1,,2010,,,
ALBANIA,1,,,2,,7,,11,,2010,,,
ALGERIA,,,,,,,,1,,2010,,,
ANGOLA,,,,,,,,,,2010,,,
ANTIGUA-BARBUDA,,,,,,,,,,2010,,,
ARGENTINA,2,,3,,8,7,6,8,2,2010,,,
ARMENIA,,,1,2,,,1,1,,2010,,,
AUSTRALIA,1,,,,,,1,,,2010,,,
AUSTRIA,,,,1,,,,,,2010,,,
BAHAMAS,,,,,,1,,,,2010,,,
BANGLADESH,,,1,1,6,82,,3,,2010,,,
BARBADOS,,,,,,,,,,2010,,,
BELARUS,,,,,,,,,,2010,,,
BELIZE,6,1,3,,6,20,3,4,1,2010,,,
BENIN,,,,,,,,,,2010,,,
BERMUDA,,,,,,,,,,2010,,,
BOLIVIA,1,3,,,6,13,6,22,1,2010,,,
BOSNIA-HERZEGOVINA,,,,,,,,,,2010,,,
BRAZIL,1,9,4,15,346,153,7,65,1,2010,,,
BULGARIA,,,1,,,2,1,,,2010,,,
BURKINA FASO,,1,,,,,,,,2010,,,
BURMA,1,,,,,,,3,,2010,,,
CAMBODIA,3,,,,,1,1,,2,2010,,,
CAMEROON,1,,,2,1,5,,,,2010,,,
CANADA,1,1,1,6,2,2,4,4,3,2010,,,
CAPE VERDE,,,,,,,,,,2010,,,
CENTRAL AFRICAN REPUBLIC,,,,,,,,1,,2010,,,
CHILE,,1,5,1,2,6,6,1,,2010,,,
"CHINA, PEOPLES REPUBLIC OF",19,15,21,20,108,289,9,510,33,2010,,,
COLOMBIA,2,4,4,34,38,158,14,51,2,2010,,,
CONGO,1,,,,,,,,,2010,,,
COSTA RICA,2,4,,17,21,65,1,31,,2010,,,
CUBA,3,7,,4,21,26,10,11,2,2010,,,
CZECH REPUBLIC,3,,,,1,,,,,2010,,,
DENMARK,,,,,,,,,,2010,,,
DOMINICA,,,,,,,,,,2010,,,
DOMINICAN REPUBLIC,1,16,5,24,192,436,,381,5,2010,,,
ECUADOR,19,8,6,17,173,205,5,"1,138",,2010,,,
EGYPT,1,,,,1,,,,,2010,,,
EL SALVADOR,107,905,281,168,"1,786","6,403",269,"3,115",89,2010,,,
ERITREA,,,,1,6,142,,,,2010,,,
ESTONIA,,,,,,,,,,2010,,,
ETHIOPIA,2,,,1,3,37,1,,,2010,,,
FIJI,,,,,,,,,,2010,,,
FINLAND,1,,,,,,,,,2010,,,
FRANCE,3,,,1,,,1,,2,2010,,,
GAMBIA,,,,1,,,,,,2010,,,
GEORGIA,,,,,,,,2,1,2010,,,
GERMANY,2,1,,,,,,,,2010,,,
GHANA,1,,1,1,1,3,,2,,2010,,,
GREECE,,,,,,,,,,2010,,,
GRENADA,,,,,,,,,,2010,,,
GUAM,,,,1,,,,,,2010,,,
GUATEMALA,157,753,249,408,"1,476","4,425",626,"8,630",107,2010,,,
GUINEA,,,,,,1,,,,2010,,,
GUYANA,,,,,5,1,,,,2010,,,
HAITI,,,,,2,85,1,1,,2010,,,
HONDURAS,94,"2,244",197,190,"2,640","4,944",210,"1,594",118,2010,,,
HONG KONG,,,,,,,,,,2010,,,
HUNGARY,3,,,,,,,1,,2010,,,
INDIA,7,11,11,10,219,737,5,45,4,2010,,,
INDONESIA,1,,,3,,,,,,2010,,,
IRAN,,,3,3,,1,4,2,,2010,,,
IRAQ,,,4,3,,,2,,1,2010,,,
IRELAND,,,,,,2,1,1,,2010,,,
ISRAEL,,,2,9,,2,4,1,,2010,,,
ITALY,,,,,,,3,1,,2010,,,
IVORY COAST,,1,,,1,,,,,2010,,,
JAMAICA,10,2,5,8,3,9,6,10,1,2010,,,
JAPAN,,,,1,,,2,,,2010,,,
JORDAN,1,,1,,,2,,,,2010,,,
KAZAKHSTAN,,,,1,,,,,,2010,,,
KENYA,1,,,1,,,1,1,1,2010,,,
KOREA,,,1,,,,,,,2010,,,
KOSOVO,,,,,4,,,,,2010,,,
KUWAIT,,,,,1,,,,,2010,,,
KYRGYZSTAN,1,,,,,,,,,2010,,,
LAOS,1,1,1,1,,2,,,1,2010,,,
LATVIA,,,,,,,,,,2010,,,
LEBANON,2,,,,,,,2,,2010,,,
LIBERIA,,,,,,,,,,2010,,,
LIBYA,,,,1,,,1,1,,2010,,,
LITHUANIA,,,,1,,,,,,2010,,,
MACEDONIA,,,,,,3,,,,2010,,,
MALAWI,1,,,,,,,,,2010,,,
MALAYSIA,,1,,,,2,1,,,2010,,,
MALI,,,,,1,,,,,2010,,,
MARSHALL ISLANDS,,,,,,,,,,2010,,,
MAURITANIA,,,,,,,,,,2010,,,
MEXICO,"4,754","10,593","31,704","11,194","27,957","40,732","67,259","195,921","6,705",2010,,,
MOLDOVA,,,,2,2,1,,1,,2010,,,
MONGOLIA,1,,1,1,,,2,,,2010,,,
MOROCCO,1,,,,,,,,,2010,,,
MOZAMBIQUE,,,,,,,,,,2010,,,
NAMIBIA,,,,,,,,,,2010,,,
NEPAL,,1,,4,8,100,1,22,,2010,,,
NETHERLANDS,3,,1,,,,1,,,2010,,,
NETHERLANDS ANTILLES,,,,,,,,,,2010,,,
NEW ZEALAND,1,,,,,,2,,,2010,,,
NICARAGUA,15,95,19,11,115,345,24,126,10,2010,,,
NIGER,,1,,,,,,,,2010,,,
NIGERIA,1,,,,2,5,2,,1,2010,,,
PAKISTAN,1,,2,1,,9,,2,2,2010,,,
PANAMA,,3,1,1,1,5,,2,1,2010,,,
PARAGUAY,,1,1,,4,1,,3,,2010,,,
PERU,5,2,9,13,66,51,9,132,1,2010,,,
PHILIPPINES,8,,5,8,,3,13,,7,2010,,,
POLAND,2,,,,1,2,1,,,2010,,,
PORTUGAL,,,,,,,,,,2010,,,
QATAR,,,,,,,,1,,2010,,,
ROMANIA,2,2,,18,,45,8,307,2,2010,,,
RUSSIA,2,,,,,3,5,,1,2010,,,
RWANDA,,,,,,,,,,2010,,,
SAUDI ARABIA,,,,1,,,2,,,2010,,,
SENEGAL,1,,,,,,,,,2010,,,
SERBIA AND MONTENEGRO,,,,,2,1,,,1,2010,,,
SIERRA LEONE,,,,,,1,,,,2010,,,
SINGAPORE,,,,,,,,,,2010,,,
SLOVAKIA,1,,,,,,1,,,2010,,,
SLOVENIA,,,,,,,1,,,2010,,,
SOMALIA,1,,1,3,,,,,,2010,,,
SOUTH AFRICA,2,,,,,3,,3,,2010,,,
SOUTH KOREA,4,,1,18,,3,5,,1,2010,,,
SPAIN,1,,,,,,,1,,2010,,,
SRI LANKA,,,,2,32,139,,,,2010,,,
ST. KITTS-NEVIS,,,,,,,,,,2010,,,
ST. LUCIA,1,,,,,1,,,,2010,,,
ST. VINCENT-GRENADINES,,,,,,,,,,2010,,,
STATELESS,,,,,,,,,,2010,,,
SUDAN,,,,,,,1,1,,2010,,,
SURINAME,,,,,,,,,,2010,,,
SWEDEN,,,,1,,,,,,2010,,,
SYRIA,,,1,,1,,,,1,2010,,,
TAIWAN,,,,1,,,,,,2010,,,
TAJIKISTAN,,,,,,,,,,2010,,,
TANZANIA,,,,,,,,,,2010,,,
THAILAND,1,,1,1,,1,2,,,2010,,,
TOGO,,,,,,,,,,2010,,,
TONGA,,,,1,,,,,,2010,,,
TRINIDAD AND TOBAGO,,,,1,,2,,,1,2010,,,
TUNISIA,1,,,,,,,,,2010,,,
TURKEY,1,,,1,,7,3,2,1,2010,,,
TURKS AND CAICOS ISLANDS,,,,,,,,,,2010,,,
UGANDA,,,,,,,,,,2010,,,
UKRAINE,1,,,,,2,1,2,,2010,,,
UNITED ARAB EMIRATES,,,1,,,,,,,2010,,,
UNITED KINGDOM,7,,1,4,,3,3,1,,2010,,,
UNKNOWN,,1,,,5,2,2,1,,2010,,,
URUGUAY,1,,2,2,4,4,,3,,2010,,,
USSR,,,,,,,1,,,2010,,,
UZBEKISTAN,,,,,,1,,3,,2010,,,
VENEZUELA,2,1,,1,4,12,3,10,2,2010,,,
VIETNAM,3,,,1,,1,,1,1,2010,,,
YEMEN,,,,,,,,,1,2010,,,
YUGOSLAVIA,,,,,3,,,,,2010,,,
ZAMBIA,,,,,,,,,,2010,,,
ZIMBABWE,,,,,,2,,1,,2010,,,
AFGHANISTAN,,,,1,,,,,,2011,,,
ALBANIA,,,,,,25,,13,,2011,,,
ALGERIA,,,,1,,,,,,2011,,,
ANGOLA,1,,,,,,,,,2011,,,
ANTIGUA-BARBUDA,,,,,,,,,,2011,,,
ARGENTINA,,1,2,4,3,6,5,4,1,2011,,,
ARMENIA,1,,1,1,,,,,2,2011,,,
AUSTRALIA,1,,,1,,,,,,2011,,,
AUSTRIA,1,2,,,,,,,,2011,,,
AZERBAIJAN,,,,,,,1,,,2011,,,
BAHAMAS,2,,,,,,,,,2011,,,
BAHRAIN,1,,,,,,,,,2011,,,
BANGLADESH,,,,1,5,70,,,,2011,,,
BARBADOS,,,,,,,,,,2011,,,
BELARUS,,,,,,,,,,2011,,,
BELGIUM,,,,1,,,,2,,2011,,,
BELIZE,1,1,2,,1,31,3,2,1,2011,,,
BENIN,,,,,,1,,,,2011,,,
BHUTAN,,,,,,1,,,,2011,,,
BOLIVIA,,,1,,4,7,1,5,,2011,,,
BOSNIA-HERZEGOVINA,,,,,,1,,,,2011,,,
BOTSWANA,,,,,,,,,,2011,,,
BRAZIL,8,1,2,61,135,60,7,10,,2011,,,
BULGARIA,,1,1,,,,1,2,,2011,,,
BURKINA FASO,,,,,,,,,,2011,,,
BURMA,,,,,,,,,,2011,,,
BURUNDI,,,,,,,,,,2011,,,
CAMBODIA,1,,,1,,1,,,1,2011,,,
CAMEROON,,,,,1,1,1,,,2011,,,
CANADA,2,1,,1,,2,6,1,1,2011,,,
CAPE VERDE,,,,,,,,,1,2011,,,
CHAD,,,,,,,,,,2011,,,
CHILE,,2,2,2,4,9,5,3,1,2011,,,
"CHINA, PEOPLES REPUBLIC OF",2,4,13,7,60,449,1,313,9,2011,,,
COLOMBIA,3,5,1,16,14,143,13,22,,2011,,,
CONGO,,,,,,,,,,2011,,,
COSTA RICA,,3,3,6,7,38,2,11,,2011,,,
CROATIA,,,,,,2,,,,2011,,,
CUBA,3,3,3,9,9,24,8,6,1,2011,,,
CZECH REPUBLIC,,,,1,2,,,,,2011,,,
CZECHOSLOVAKIA,,,,,,,,,,2011,,,
DEM REP OF THE CONGO,,,,,,,,,,2011,,,
DENMARK,,1,,,,,,,,2011,,,
DJIBOUTI,,,,,,,,,,2011,,,
DOMINICA,,,,,,2,,,,2011,,,
DOMINICAN REPUBLIC,1,3,,2,80,217,3,29,,2011,,,
ECUADOR,1,37,3,21,207,346,1,440,8,2011,,,
EGYPT,1,,,2,,1,1,,,2011,,,
EL SALVADOR,84,854,207,117,"1,280","6,094",201,"1,426",105,2011,,,
EQUATORIAL GUINEA,,,,1,,,,,,2011,,,
ERITREA,,,,,,22,,,,2011,,,
ESTONIA,,,,,,,,,,2011,,,
ETHIOPIA,,,,1,,11,1,,,2011,,,
FIJI,,,,,,,,,,2011,,,
FINLAND,,,1,,,,,,,2011,,,
FRANCE,1,,2,2,,1,1,,,2011,,,
GABON,,,,,,,,,,2011,,,
GAMBIA,,,,,,,,,,2011,,,
GEORGIA,,,,,,,,,,2011,,,
GERMANY,4,1,,2,,,1,1,,2011,,,
GHANA,3,,,3,2,1,,,3,2011,,,
GREECE,,,,,,,,,,2011,,,
GRENADA,,,,2,,,,,,2011,,,
GUATEMALA,120,976,212,190,"2,057","5,965",565,"7,356",141,2011,,,
GUINEA,,,,1,,,,,,2011,,,
GUYANA,,,1,,1,3,,,,2011,,,
HAITI,1,,,,1,29,5,,,2011,,,
HONDURAS,99,"2,421",207,124,"2,467","4,546",224,"1,079",103,2011,,,
HUNGARY,,,,,,,1,1,,2011,,,
INDIA,,15,12,33,356,"1,826",8,152,12,2011,,,
INDONESIA,,,,,,,,1,,2011,,,
IRAN,4,1,1,,,4,9,1,,2011,,,
IRAQ,,,,,,1,,1,,2011,,,
IRELAND,,,,,,2,1,1,,2011,,,
ISRAEL,3,,2,3,,3,4,2,,2011,,,
ITALY,,1,,4,,,,,,2011,,,
IVORY COAST,,,,,,,,,,2011,,,
JAMAICA,4,,,2,,10,10,2,,2011,,,
JAPAN,1,,,1,,,,,1,2011,,,
JORDAN,1,,,,,1,2,,,2011,,,
KAZAKHSTAN,2,,,,,,,,,2011,,,
KENYA,2,,,8,,,,1,,2011,,,
KOREA,,,,1,,,,,,2011,,,
KOSOVO,,,,,,6,,,,2011,,,
KUWAIT,,,,,,,,1,,2011,,,
KYRGYZSTAN,,,,,,,,,,2011,,,
LAOS,1,,1,,,,2,,,2011,,,
LATVIA,,,,,,,,,,2011,,,
LEBANON,1,,,1,1,,,,,2011,,,
LIBERIA,,,,2,,,,,,2011,,,
LIBYA,,,,,,,,,,2011,,,
LITHUANIA,,,,1,,,,,,2011,,,
MACEDONIA,,,,,,2,,,,2011,,,
MALAWI,1,,,,,,,,,2011,,,
MALAYSIA,,,,,,1,,,,2011,,,
MALI,,,,,,,,,,2011,,,
MALTA,,,,,,,,,,2011,,,
MAURITANIA,,,,,,,,1,,2011,,,
MAURITIUS,,,,,,,1,,,2011,,,
MEXICO,"3,621","11,697","29,474","9,633","29,131","38,353","41,281","111,974","5,416",2011,,,
MOLDOVA,,,,,,,1,,1,2011,,,
MONGOLIA,,,1,1,,,,,,2011,,,
MONTENEGRO,,,,,1,,,,,2011,,,
MONTSERRAT,,,,,,,,,,2011,,,
MOROCCO,,1,,,,,,1,,2011,,,
NAMIBIA,,,,,,,,,,2011,,,
NEPAL,,,,,4,61,1,5,,2011,,,
NETHERLANDS,,1,,1,,,,,,2011,,,
NEW ZEALAND,1,,,,3,,1,,,2011,,,
NICARAGUA,3,95,10,2,122,186,20,77,5,2011,,,
NIGER,,,,,,,,,,2011,,,
NIGERIA,,,,3,1,13,,,,2011,,,
PAKISTAN,2,2,,4,2,21,,4,1,2011,,,
PALAU,,,,,,1,,,,2011,,,
PANAMA,,3,,,1,1,1,2,1,2011,,,
PARAGUAY,,1,3,,2,,,1,,2011,,,
PERU,8,8,4,20,42,82,9,83,2,2011,,,
PHILIPPINES,12,,5,4,1,7,7,,5,2011,,,
POLAND,,1,1,6,,,1,2,,2011,,,
PORTUGAL,,,,,,2,,,,2011,,,
ROMANIA,1,,2,2,9,329,4,227,1,2011,,,
RUSSIA,3,,2,2,4,,3,2,,2011,,,
SAUDI ARABIA,,,,1,,1,1,,,2011,,,
SENEGAL,,,,,,,1,,,2011,,,
SERBIA,,,,,,,,,,2011,,,
SERBIA AND MONTENEGRO,,,,,,,,,,2011,,,
SIERRA LEONE,,,,,,,,,,2011,,,
SINGAPORE,,,,,,,,,,2011,,,
SLOVAKIA,1,,,,,,,,,2011,,,
SOMALIA,1,,1,2,1,,,,,2011,,,
SOUTH AFRICA,,,,,,,3,,1,2011,,,
SOUTH KOREA,4,,,9,1,3,3,,1,2011,,,
SPAIN,1,,,,,1,1,1,,2011,,,
SRI LANKA,1,,2,2,22,187,,,,2011,,,
ST. KITTS-NEVIS,,,,,,,,,,2011,,,
ST. LUCIA,,,,,,,,,,2011,,,
ST. VINCENT-GRENADINES,,,,1,,,,,,2011,,,
STATELESS,,,,,,,,,,2011,,,
SUDAN,,,,1,,,1,,,2011,,,
SWEDEN,2,,,,,,,,,2011,,,
SWITZERLAND,,,,,,1,,,,2011,,,
SYRIA,,,2,,,,,,1,2011,,,
TAIWAN,,,,,,,,,,2011,,,
TAJIKISTAN,1,,,1,,,,,,2011,,,
TANZANIA,,,,,,,,,,2011,,,
THAILAND,1,,1,1,1,1,1,,,2011,,,
TOGO,,,,,,,,1,,2011,,,
TRINIDAD AND TOBAGO,,,2,1,,2,1,,,2011,,,
TUNISIA,,,,,,,1,3,,2011,,,
TURKEY,,,,1,,1,3,,,2011,,,
TURKMENISTAN,,,,1,,,,,,2011,,,
UGANDA,,,,,,,,,,2011,,,
UKRAINE,,,,,,1,1,,1,2011,,,
UNITED ARAB EMIRATES,,,,,,,1,,,2011,,,
UNITED KINGDOM,6,,,,,3,,1,2,2011,,,
UNKNOWN,,,,,,,,1,,2011,,,
URUGUAY,,,1,3,1,6,2,3,1,2011,,,
USSR,,,,,,,,,,2011,,,
UZBEKISTAN,,,,,,,2,,,2011,,,
VENEZUELA,,1,,3,7,11,1,4,1,2011,,,
VIETNAM,3,,,2,,3,,4,1,2011,,,
YEMEN,1,,,,,,,,,2011,,,
YUGOSLAVIA,,,,,,,,,1,2011,,,
ZAMBIA,1,,,,,1,,,,2011,,,
ZIMBABWE,,,,,,,,,,2011,,,
AFGHANISTAN,,,1,,,6,1,1,,2012,,,
ALBANIA,1,,,,,32,,7,,2012,,,
ALGERIA,,,,,,,1,,,2012,,,
ANGOLA,,,,3,,,,,,2012,,,
ANTIGUA-BARBUDA,,,,,,,,,,2012,,,
ARGENTINA,2,1,1,4,2,5,5,2,5,2012,,,
ARMENIA,,,,1,,,,,,2012,,,
AUSTRALIA,1,,,1,,,,,,2012,,,
BAHAMAS,,,,,,,,,1,2012,,,
BANGLADESH,,,,,10,81,2,,,2012,,,
BARBADOS,1,,,,1,1,,,,2012,,,
BELARUS,,,,,,,,,1,2012,,,
BELGIUM,,,,1,,,,,,2012,,,
BELIZE,7,2,1,5,10,17,2,9,,2012,,,
BERMUDA,,,,,,,,,,2012,,,
BOLIVIA,,2,,,4,9,1,3,,2012,,,
BOSNIA-HERZEGOVINA,,,,,,,,,,2012,,,
BRAZIL,1,1,1,1,74,88,6,10,1,2012,,,
BRITISH VIRGIN ISLANDS,,,,,,,,,,2012,,,
BULGARIA,1,,,2,1,,1,4,,2012,,,
BURMA,1,,,,,,,,,2012,,,
BURUNDI,,,,,,,,,,2012,,,
CAMBODIA,,,,,,,1,,1,2012,,,
CAMEROON,,,,,,,,,,2012,,,
CANADA,3,,,4,2,3,3,2,,2012,,,
CAPE VERDE,,,,,,,,,,2012,,,
CHILE,1,,,3,,5,,2,,2012,,,
"CHINA, PEOPLES REPUBLIC OF",8,,3,13,55,444,10,357,18,2012,,,
COLOMBIA,6,6,2,14,9,119,10,18,1,2012,,,
CONGO,,,,,,,,,,2012,,,
COSTA RICA,1,,5,3,17,87,3,19,1,2012,,,
CUBA,1,1,,4,8,19,4,2,1,2012,,,
CZECH REPUBLIC,,,,4,,,,,,2012,,,
CZECHOSLOVAKIA,,,,,,,1,,,2012,,,
DEM REP OF THE CONGO,,,,,,,1,,,2012,,,
DENMARK,,,,,,,,,,2012,,,
DOMINICAN REPUBLIC,,3,1,4,91,410,,11,1,2012,,,
ECUADOR,11,22,2,30,467,"1,125",3,565,1,2012,,,
EGYPT,,,,1,1,1,2,2,,2012,,,
EL SALVADOR,83,"1,576",219,139,"2,447","15,380",242,"1,703",114,2012,,,
EQUATORIAL GUINEA,,,,,,1,,,,2012,,,
ERITREA,,,,,,1,,,,2012,,,
ETHIOPIA,,,,1,,2,1,,,2012,,,
FINLAND,1,,,,,,,,,2012,,,
FRANCE,,,1,1,1,,,,,2012,,,
GAMBIA,1,,,,,,,,,2012,,,
GEORGIA,,,1,1,,2,,,,2012,,,
GERMANY,,,,,,1,,,1,2012,,,
GHANA,,,,,,1,,,,2012,,,
GREECE,,,,,,,,,,2012,,,
GUAM,,,,,1,,,,,2012,,,
GUATEMALA,206,"1,648",215,227,"3,362","16,303",444,"11,848",200,2012,,,
GUYANA,,,,4,,,,,,2012,,,
HAITI,,1,,,,1,1,,,2012,,,
HONDURAS,130,"5,871",397,180,"6,293","14,620",283,"2,415",160,2012,,,
HONG KONG,,,,,,,,,,2012,,,
HUNGARY,,,,2,,,2,,,2012,,,
INDIA,3,3,9,9,33,184,5,241,8,2012,,,
INDONESIA,,,1,2,,1,,,3,2012,,,
IRAN,,,,,,2,3,,1,2012,,,
IRAQ,,,1,,,,3,,,2012,,,
IRELAND,,,,,,,,,,2012,,,
ISRAEL,3,1,1,1,,,1,1,,2012,,,
ITALY,1,,,1,,,1,,,2012,,,
IVORY COAST,1,,,,,,1,,,2012,,,
JAMAICA,,,1,3,,3,8,2,2,2012,,,
JAPAN,1,,,2,,,,,,2012,,,
JORDAN,1,3,,3,,,,,,2012,,,
KAZAKHSTAN,,,,3,,,,,,2012,,,
KENYA,1,,1,2,,2,,,,2012,,,
KOREA,,,,1,,,,,3,2012,,,
KOSOVO,,,,,,2,,,,2012,,,
KYRGYZSTAN,,,,,,,,,1,2012,,,
LAOS,2,,,2,,,2,,1,2012,,,
LATVIA,1,,,,1,,,,,2012,,,
LEBANON,,,,1,1,,,,,2012,,,
LIBERIA,,,,,,,,,,2012,,,
LIBYA,,,,,,1,,,,2012,,,
LITHUANIA,,,,,,,,,,2012,,,
MACEDONIA,,,,,,1,,,,2012,,,
MALAWI,,,,,,,,,,2012,,,
MALAYSIA,,,,1,,,,,,2012,,,
MALI,,,,,1,,,,,2012,,,
MEXICO,"3,417","12,404","22,511","8,915","31,742","47,823","27,307","102,303","5,919",2012,,,
MOLDOVA,,1,,1,,,,,1,2012,,,
MONGOLIA,,,,1,1,,2,,,2012,,,
MOROCCO,,,1,,1,,,,,2012,,,
NEPAL,,1,,3,28,114,,,3,2012,,,
NETHERLANDS,2,,,,,,,,,2012,,,
NEW ZEALAND,1,,,1,,,,,1,2012,,,
NICARAGUA,13,166,15,7,144,430,19,75,7,2012,,,
NIGERIA,3,,,4,,7,1,,2,2012,,,
NORWAY,3,,,,,,1,,,2012,,,
PAKISTAN,,,,,2,13,1,5,,2012,,,
PANAMA,,1,,1,,3,,2,1,2012,,,
PARAGUAY,,,,,,4,,2,,2012,,,
PERU,6,1,3,7,28,185,9,44,,2012,,,
PHILIPPINES,3,,2,2,,4,18,1,2,2012,,,
POLAND,,,1,7,1,1,3,,,2012,,,
PORTUGAL,,,,1,,2,,,,2012,,,
ROMANIA,1,,509,5,1,36,23,298,28,2012,,,
RUSSIA,4,,1,1,2,,2,2,,2012,,,
SAMOA,1,,,,,,,,,2012,,,
SAUDI ARABIA,,1,,2,,1,,,1,2012,,,
SENEGAL,,,,,,,,,1,2012,,,
SERBIA,,,,,,,,,1,2012,,,
SERBIA AND MONTENEGRO,,,,,,,,,,2012,,,
SEYCHELLES,,,,1,,,,,,2012,,,
SIERRA LEONE,,1,,,,,,,,2012,,,
SLOVAKIA,,,,,,,1,,,2012,,,
SOMALIA,,,,,,,1,,,2012,,,
SOUTH AFRICA,2,1,,3,,,1,,,2012,,,
SOUTH KOREA,2,,,5,1,2,2,,2,2012,,,
SPAIN,2,,,3,1,,,,,2012,,,
SRI LANKA,,,,1,15,147,,18,,2012,,,
ST. LUCIA,,,1,,,1,,,,2012,,,
ST. VINCENT-GRENADINES,,,,,,,,,,2012,,,
STATELESS,,,,,,,,,,2012,,,
SUDAN,1,,,1,,,,1,,2012,,,
SURINAME,,,,,1,,,,,2012,,,
SWEDEN,3,1,,1,,,,,,2012,,,
SYRIA,,,3,,,,,1,1,2012,,,
TAIWAN,,,,1,,2,,,,2012,,,
TAJIKISTAN,,,,,,,,,,2012,,,
TANZANIA,,,,,3,,,1,,2012,,,
THAILAND,1,,,1,,,3,,2,2012,,,
TOGO,,,,1,,,,,,2012,,,
TRINIDAD AND TOBAGO,,,,3,,,,,,2012,,,
TUNISIA,,,,,,,,,,2012,,,
TURKEY,,,1,2,,3,1,1,,2012,,,
UKRAINE,,,,1,1,5,1,,2,2012,,,
UNITED KINGDOM,6,,2,2,1,2,2,2,,2012,,,
UNKNOWN,1,,2,,,,1,4,,2012,,,
URUGUAY,,,,1,3,2,1,5,,2012,,,
USSR,1,,,,,,,,,2012,,,
UZBEKISTAN,,,,,,2,3,7,,2012,,,
VENEZUELA,2,1,,2,4,11,4,4,,2012,,,
VIETNAM,5,,,4,,2,,,,2012,,,
YEMEN,1,,,,,,,,,2012,,,
YUGOSLAVIA,,,,1,,,,,,2012,,,
ZAMBIA,1,,,,,,,,,2012,,,
ZIMBABWE,1,,,2,,,,,,2012,,,
AFGHANISTAN,,,,,,,,,,2013,,,
ALBANIA,,,,,2,298,,,,2013,,,
ALGERIA,,,,,,,,,,2013,,,
ANGOLA,1,,,,,,,,,2013,,,
ANTIGUA-BARBUDA,,,,1,,,,,,2013,,,
ARGENTINA,1,1,,5,1,7,4,10,1,2013,,,
AUSTRALIA,2,,,3,,,,1,,2013,,,
AUSTRIA,,,,1,,,,,,2013,,,
BAHAMAS,,,,,,,,,,2013,,,
BANGLADESH,,1,1,,5,219,,,,2013,,,
BARBADOS,,,,,,,,,,2013,,,
BELARUS,,,,1,,,,,,2013,,,
BELGIUM,,,,,,,,,,2013,,,
BELIZE,1,1,,,3,41,3,1,,2013,,,
BOLIVIA,2,,,,14,21,1,6,,2013,,,
BOSNIA-HERZEGOVINA,1,,,,,,,1,,2013,,,
BRAZIL,,,6,26,89,115,17,17,4,2013,,,
BULGARIA,,,,,,,,1,,2013,,,
BURKINA FASO,,,,1,,,,,,2013,,,
BURMA,,,,,,,,1,,2013,,,
CAMBODIA,1,,,,,,1,,,2013,,,
CAMEROON,,,,,,,,,,2013,,,
CANADA,2,,,1,,4,2,1,1,2013,,,
CENTRAL AFRICAN REPUBLIC,,,,,,1,,,,2013,,,
CHAD,,,,,,,,,,2013,,,
CHILE,2,,,1,1,6,1,,,2013,,,
"CHINA, PEOPLES REPUBLIC OF",4,1,7,11,23,584,8,274,15,2013,,,
COLOMBIA,6,11,3,26,41,241,2,31,4,2013,,,
CONGO,,,,1,,,,,,2013,,,
COSTA RICA,1,5,1,12,8,82,2,17,1,2013,,,
CROATIA,,,,1,,,,,,2013,,,
CUBA,2,10,5,4,9,36,2,5,,2013,,,
CZECH REPUBLIC,,,,,,1,,,,2013,,,
DOMINICA,,,,1,1,,,,,2013,,,
DOMINICAN REPUBLIC,1,6,,15,181,274,1,14,,2013,,,
ECUADOR,19,34,8,57,715,"2,555",8,561,1,2013,,,
EGYPT,,,,,,2,3,10,,2013,,,
EL SALVADOR,98,"1,933",296,152,"3,425","29,200",236,"1,474",143,2013,,,
ERITREA,,,,,1,,,,,2013,,,
ETHIOPIA,,,,,,,,,,2013,,,
FIJI,1,,,,,,,,,2013,,,
FRANCE,1,,,,,2,1,,1,2013,,,
GABON,,,,,,,,,,2013,,,
GAMBIA,,,,,,,1,,,2013,,,
GEORGIA,,,,,,9,,,,2013,,,
GERMANY,1,,,3,,2,1,,1,2013,,,
GHANA,1,,,4,1,,,,1,2013,,,
GREECE,,,,,,1,,,,2013,,,
GRENADA,,,,,,,,,,2013,,,
GUATEMALA,157,"1,875",263,416,"5,158","31,845",330,"13,898",201,2013,,,
GUINEA,1,,,,,,,,,2013,,,
GUYANA,,,,,1,,,,,2013,,,
HAITI,1,,,,,1,,,,2013,,,
HONDURAS,140,"5,407",485,209,"7,892","28,952",336,"2,844",183,2013,,,
HONG KONG,,,,,,,,,,2013,,,
HUNGARY,1,,,1,,,,1,,2013,,,
INDIA,7,5,13,21,54,423,,251,175,2013,,,
INDONESIA,1,,,,,,,2,,2013,,,
IRAN,,,,1,,,3,1,,2013,,,
IRAQ,,,,,,,,1,2,2013,,,
IRELAND,,,,,,,,3,,2013,,,
ISRAEL,,,,,,,1,1,,2013,,,
ITALY,1,,2,,,1,,2,,2013,,,
IVORY COAST,,,,1,,,,,,2013,,,
JAMAICA,2,,,8,,4,2,2,,2013,,,
JAPAN,,,,2,,,,,1,2013,,,
JORDAN,,,,2,1,2,,,,2013,,,
KAZAKHSTAN,,,,,,,,,,2013,,,
KENYA,,,,2,,2,,,,2013,,,
KOREA,1,,1,,,,,,,2013,,,
KOSOVO,,,,,,,,,1,2013,,,
LAOS,,,,,,,3,,2,2013,,,
LATVIA,,,,,,,,,,2013,,,
LEBANON,,1,1,,,,,2,2,2013,,,
LITHUANIA,,,,2,,,,1,,2013,,,
MACEDONIA,,,1,,,,,1,,2013,,,
MALAYSIA,1,,,1,,1,,,,2013,,,
MALI,,,,,,,,,,2013,,,
MAURITIUS,,,,,,,,,,2013,,,
MEXICO,"3,174","14,005","15,141","10,092","32,772","57,624","26,223","101,092","5,286",2013,,,
MOLDOVA,1,,,1,,1,,,1,2013,,,
MONTENEGRO,,,,,,,,,,2013,,,
MOROCCO,,,,,,,,,,2013,,,
NAMIBIA,,,,,,,,,,2013,,,
NEPAL,,2,,2,3,335,,3,,2013,,,
NETHERLANDS,1,,2,,,,,,,2013,,,
NEW ZEALAND,1,,,,,,,,,2013,,,
NICARAGUA,3,175,12,12,216,845,13,100,13,2013,,,
NIGER,,,,,,1,,,,2013,,,
NIGERIA,5,,1,3,2,4,,,1,2013,,,
NORWAY,1,,,,1,,,,,2013,,,
PAKISTAN,1,,,1,3,9,,7,1,2013,,,
PANAMA,,6,,,3,3,,,1,2013,,,
PAPUA NEW GUINEA,,,,,,,,,,2013,,,
PARAGUAY,,,1,,1,3,1,2,,2013,,,
PERU,4,23,9,16,101,525,9,61,1,2013,,,
PHILIPPINES,6,,,4,,3,4,,,2013,,,
POLAND,,,,2,,1,,1,,2013,,,
PORTUGAL,,,,1,,3,,,,2013,,,
PUERTO RICO,,,,,1,,,,,2013,,,
QATAR,,,,,,,,1,,2013,,,
ROMANIA,1,,41,4,2,32,250,215,53,2013,,,
RUSSIA,4,,,1,1,2,3,5,2,2013,,,
RWANDA,,,,,,,,,,2013,,,
SAUDI ARABIA,,1,,,,1,,1,,2013,,,
SENEGAL,,,,,,,,,,2013,,,
SERBIA,,1,,,,1,1,,,2013,,,
SERBIA AND MONTENEGRO,1,,,,,,,,,2013,,,
SINGAPORE,,,,,,,,1,,2013,,,
SLOVAKIA,,,,,,,,,,2013,,,
SOMALIA,,,,1,,,1,,1,2013,,,
SOUTH AFRICA,1,,,1,,,,,,2013,,,
SOUTH KOREA,6,,,1,,1,4,,1,2013,,,
SPAIN,,,,3,1,2,1,3,,2013,,,
SRI LANKA,,1,,,5,80,,,,2013,,,
ST. LUCIA,,,,,,,,,,2013,,,
ST. VINCENT-GRENADINES,,,,,,,,,,2013,,,
STATELESS,,,,,,,,,,2013,,,
SUDAN,,,,,,,,1,,2013,,,
SWEDEN,1,,,,,,1,,,2013,,,
SWITZERLAND,1,,,,,,,,,2013,,,
SYRIA,,,,,,,1,,,2013,,,
TAIWAN,2,,,1,1,,1,,,2013,,,
TAJIKISTAN,1,,,1,,,,,,2013,,,
TANZANIA,,,,,,,,,,2013,,,
THAILAND,,,,2,,,1,,,2013,,,
TOGO,,,,,,1,,,,2013,,,
TRINIDAD AND TOBAGO,,2,,,,1,1,1,1,2013,,,
TUNISIA,,,,,,,,,,2013,,,
TURKEY,,,,2,5,17,,,,2013,,,
UGANDA,,1,,,,,,,,2013,,,
UKRAINE,1,,,,,1,2,1,1,2013,,,
UNITED ARAB EMIRATES,,,,,,,1,,,2013,,,
UNITED KINGDOM,1,,2,3,,,1,1,,2013,,,
UNKNOWN,,,,1,,1,,,,2013,,,
URUGUAY,,,1,1,4,6,1,1,,2013,,,
USSR,,,,,,2,,,,2013,,,
UZBEKISTAN,,,,,,,2,2,,2013,,,
VENEZUELA,,1,3,1,1,16,4,5,3,2013,,,
VIETNAM,6,,,2,,,1,,,2013,,,
YEMEN,,,,,,,,,,2013,,,
YUGOSLAVIA,,1,,,,,,,,2013,,,
ZAMBIA,,,,,,,,,,2013,,,
ZIMBABWE,,,,2,,,,,,2013,,,
AFGHANISTAN,,,,,,,,,,2014,,,
ALBANIA,,,,1,,301,,,,2014,,,
ALGERIA,,,,,,,1,,,2014,,,
ANGOLA,,,,,,,,,,2014,,,
ARGENTINA,2,,1,4,2,12,4,5,,2014,,,
ARMENIA,,,,1,,,,,,2014,,,
AUSTRALIA,,,1,1,,1,,,,2014,,,
AUSTRIA,,,,,,1,,,,2014,,,
AZERBAIJAN,,,,,,,,,,2014,,,
BAHAMAS,,,,1,,1,,,,2014,,,
BANGLADESH,,,,1,23,255,4,,1,2014,,,
BARBADOS,,,,,,,,,,2014,,,
BELARUS,,,,,,,,,,2014,,,
BELGIUM,,,,1,,,,1,,2014,,,
BELIZE,1,3,2,6,4,53,5,3,,2014,,,
BENIN,,,,1,,1,,,,2014,,,
BOLIVIA,1,1,,1,3,24,,2,2,2014,,,
BOSNIA-HERZEGOVINA,,,,,,1,,,,2014,,,
BOTSWANA,,,,,,,,,,2014,,,
BRAZIL,3,32,12,38,94,326,15,19,4,2014,,,
BULGARIA,1,,,,,,,,,2014,,,
BURMA,,,,1,,,,,,2014,,,
CAMBODIA,1,,,1,,,,,,2014,,,
CAMEROON,,,2,,,,,,,2014,,,
CANADA,4,1,1,3,,1,1,2,,2014,,,
CENTRAL AFRICAN REPUBLIC,,,,,,,,,,2014,,,
CHAD,,,,,,,,,,2014,,,
CHILE,,,,1,2,5,2,1,3,2014,,,
"CHINA, PEOPLES REPUBLIC OF",14,,5,21,15,"1,143",5,408,22,2014,,,
COLOMBIA,3,11,,28,33,134,8,16,,2014,,,
CONGO,,,,,,,,,,2014,,,
COSTA RICA,1,15,3,5,8,94,2,10,,2014,,,
CROATIA,,,,,,,,,,2014,,,
CUBA,,9,5,4,8,64,2,6,,2014,,,
CZECH REPUBLIC,1,,,,,1,,1,,2014,,,
DOMINICAN REPUBLIC,2,5,,13,404,216,1,4,,2014,,,
ECUADOR,4,85,1,214,846,"3,225",4,368,1,2014,,,
EGYPT,,,,1,3,1,1,9,,2014,,,
EL SALVADOR,188,"2,689",352,311,"3,317","58,011",310,"1,130",111,2014,,,
EQUATORIAL GUINEA,,,,,,1,,,,2014,,,
ERITREA,,1,,,,5,,,,2014,,,
ESTONIA,,,,,,,,,,2014,,,
ETHIOPIA,,,,,,1,1,,,2014,,,
FIJI,,,,1,,,,,,2014,,,
FRANCE,,,3,1,,1,,1,,2014,,,
GABON,1,,,,,,,,,2014,,,
GAMBIA,,,,1,,,,,,2014,,,
GEORGIA,,,,1,,4,,1,,2014,,,
GERMANY,3,,,3,,,,,,2014,,,
GHANA,1,,,2,1,2,,1,1,2014,,,
GREECE,,,,1,,1,,,,2014,,,
GRENADA,1,,,,,,,,,2014,,,
GUATEMALA,466,"2,110",522,"1,023","4,901","56,911",897,"13,158",485,2014,,,
GUINEA,,,,,,,,,,2014,,,
GUYANA,,,,,,2,,,,2014,,,
HAITI,,1,,,,1,,,,2014,,,
HONDURAS,155,"8,861",967,494,"7,559","69,341",490,"2,625",476,2014,,,
HONG KONG,,,,1,,,,,,2014,,,
HUNGARY,,,,1,,1,,,,2014,,,
INDIA,4,1,32,36,10,261,1,842,238,2014,,,
INDONESIA,,,,2,,2,,,1,2014,,,
IRAN,,,,1,,1,,,,2014,,,
IRAQ,,,,2,,,1,,1,2014,,,
IRELAND,,,,,,,,1,,2014,,,
ISRAEL,,,,,,1,2,,1,2014,,,
ITALY,2,,1,,,,1,1,3,2014,,,
IVORY COAST,,,,,,,,,,2014,,,
JAMAICA,5,1,1,3,,5,5,4,,2014,,,
JAPAN,2,,,2,,,,,2,2014,,,
JORDAN,,,,1,,2,,,,2014,,,
KENYA,,,,1,,,1,,1,2014,,,
KOREA,,,,2,,,1,,,2014,,,
KOSOVO,,,,,,,,,,2014,,,
KUWAIT,,,,1,,,1,1,,2014,,,
KYRGYZSTAN,,,,,,,,,,2014,,,
LAOS,,,,,,,,1,,2014,,,
LATVIA,,,,,,,,,,2014,,,
LEBANON,,,,1,1,,,,,2014,,,
LIBERIA,2,,,1,,,,,,2014,,,
LITHUANIA,,,,1,,,,,,2014,,,
MACEDONIA,,,,1,,1,,1,1,2014,,,
MALAWI,,,,,,,,,,2014,,,
MALI,,,,,,,,,1,2014,,,
MEXICO,"3,164","10,196","12,511","9,904","26,540","63,468","27,871","68,870","4,247",2014,,,
MOLDOVA,,,,,,,1,,,2014,,,
MONGOLIA,,,,1,,,2,,,2014,,,
MONTENEGRO,,,,1,,,,,,2014,,,
MOROCCO,,1,1,,,,,,,2014,,,
NEPAL,,,,2,5,452,,5,,2014,,,
NETHERLANDS,,,,,,,,,1,2014,,,
NETHERLANDS ANTILLES,,,,1,,,,,,2014,,,
NEW ZEALAND,,,,1,,,,,,2014,,,
NICARAGUA,9,192,31,30,166,"1,285",23,62,11,2014,,,
NIGER,,,,,,1,,,,2014,,,
NIGERIA,8,1,,7,,1,1,,,2014,,,
PAKISTAN,3,,,,1,10,,2,1,2014,,,
PANAMA,,,,,5,7,1,,,2014,,,
PARAGUAY,,,,,,5,,,,2014,,,
PERU,2,30,17,83,81,505,30,125,2,2014,,,
PHILIPPINES,5,2,1,11,1,3,2,1,2,2014,,,
POLAND,1,,,1,1,2,,1,,2014,,,
PORTUGAL,,,,,,,,,,2014,,,
PUERTO RICO,,,,,,2,,,,2014,,,
QATAR,,,,,,,,1,,2014,,,
ROMANIA,,2,34,4,2,110,201,213,272,2014,,,
RUSSIA,3,1,,3,,3,,,2,2014,,,
RWANDA,,,,,,,,,,2014,,,
SAMOA,,,,,,,1,,,2014,,,
SAUDI ARABIA,9,,,2,,,1,,4,2014,,,
SENEGAL,,,,,,,,,,2014,,,
SERBIA,,,,,,1,,1,,2014,,,
SIERRA LEONE,,,,,,1,,,1,2014,,,
SLOVAKIA,2,,,,,,,,,2014,,,
SLOVENIA,,,,,,,,1,,2014,,,
SOMALIA,,,1,,1,,,1,,2014,,,
SOUTH AFRICA,1,,,,,1,,,,2014,,,
SOUTH KOREA,4,,,12,,2,5,1,1,2014,,,
SPAIN,1,,,1,,6,,2,,2014,,,
SRI LANKA,,,,2,5,58,,,,2014,,,
ST. LUCIA,,,,1,,,,,,2014,,,
ST. VINCENT-GRENADINES,,,,1,,,,,,2014,,,
SURINAME,,,,,1,,,,,2014,,,
SWITZERLAND,,,,1,,,,,,2014,,,
SYRIA,1,,,,,4,,,,2014,,,
TAIWAN,,,1,1,,,,,,2014,,,
TAJIKISTAN,,,,,,1,,,,2014,,,
TANZANIA,,,,,,1,,,,2014,,,
THAILAND,6,,,1,,,1,,,2014,,,
TOGO,,1,,,,,,1,,2014,,,
TRINIDAD AND TOBAGO,1,,,4,1,1,,,,2014,,,
TUNISIA,,,,,,,,,,2014,,,
TURKEY,,2,,3,2,34,1,,1,2014,,,
TURKMENISTAN,,,,1,,,,,,2014,,,
UKRAINE,,,2,,,1,1,2,2,2014,,,
UNITED KINGDOM,3,1,,,,1,1,,,2014,,,
UNKNOWN,,,,1,,,,1,,2014,,,
URUGUAY,,,,,,2,,,,2014,,,
UZBEKISTAN,1,,,,,,1,,,2014,,,
VENEZUELA,1,,,3,3,7,,1,,2014,,,
VIETNAM,2,,,12,,3,,,,2014,,,
YEMEN,,,,,,,,2,,2014,,,
YUGOSLAVIA,,,1,,,,,,,2014,,,
ZAMBIA,,,,,,,,,,2014,,,
ZIMBABWE,1,,,,,,1,,,2014,,,
AFGHANISTAN,,,,,,3,1,1,,2015,,,
ALBANIA,,3,,,,31,,1,,2015,,,
ALGERIA,,,,1,,,,,,2015,,,
ANGOLA,,,,,,1,,,,2015,,,
ANTIGUA-BARBUDA,,,,,,,,,,2015,,,
ARGENTINA,1,1,,3,1,14,2,2,,2015,,,
ARMENIA,,1,,,,,1,,2,2015,,,
AUSTRALIA,,,,,,,1,,2,2015,,,
AUSTRIA,,,,,,,,,1,2015,,,
AZERBAIJAN,,,,,,,,,,2015,,,
BAHAMAS,3,,,1,,2,,,,2015,,,
BANGLADESH,1,,9,2,1,257,19,8,2,2015,,,
BARBADOS,,,,1,,,,,,2015,,,
BELARUS,,,,,,1,,,,2015,,,
BELGIUM,,,,,,,,,,2015,,,
BELIZE,3,2,1,1,6,12,5,4,,2015,,,
BHUTAN,,,,,,1,,,,2015,,,
BOLIVIA,1,2,1,1,19,18,,4,,2015,,,
BOSNIA-HERZEGOVINA,,,,,2,1,,,,2015,,,
BRAZIL,5,54,67,67,197,783,40,35,19,2015,,,
BULGARIA,,1,,,,1,1,,1,2015,,,
BURKINA FASO,,,,,,,,,,2015,,,
BURMA,,,,,1,,,,,2015,,,
CAMBODIA,,,,,,,,,1,2015,,,
CAMEROON,1,,,,,,,,,2015,,,
CANADA,1,,,,,3,,,1,2015,,,
CHILE,1,,,,,1,,,,2015,,,
"CHINA, PEOPLES REPUBLIC OF",7,2,81,7,3,932,58,80,67,2015,,,
COLOMBIA,4,10,5,18,24,187,16,16,2,2015,,,
COSTA RICA,3,2,,7,7,45,3,19,,2015,,,
CROATIA,,,,,,,,,,2015,,,
CUBA,3,8,,3,10,71,3,5,3,2015,,,
CZECH REPUBLIC,,,,,,,,,,2015,,,
CZECHOSLOVAKIA,,,,,,,,,,2015,,,
DENMARK,1,,,,,,,,,2015,,,
DOMINICA,,,,,,,,,,2015,,,
DOMINICAN REPUBLIC,,2,,1,324,146,2,5,2,2015,,,
ECUADOR,48,25,6,142,611,"1,264",38,419,3,2015,,,
EGYPT,,,,,,,,,,2015,,,
EL SALVADOR,297,"2,438",219,625,"2,071","36,161",237,"1,119",225,2015,,,
ERITREA,,,,,,3,,,,2015,,,
ESTONIA,,,,,,,1,,,2015,,,
ETHIOPIA,,,,1,,,1,,,2015,,,
FIJI,,,,1,,,,,,2015,,,
FRANCE,2,,,1,,,,,1,2015,,,
GEORGIA,1,,,3,,2,,,,2015,,,
GERMANY,1,,,,,,,,,2015,,,
GHANA,1,,,3,,,1,,1,2015,,,
GREECE,,,,,,,,,,2015,,,
GRENADA,,,,,,,,,,2015,,,
GUATEMALA,"2,216","2,117",669,"2,365","4,248","31,594","1,168","9,914","2,400",2015,,,
GUYANA,,,,,,1,,,,2015,,,
HAITI,1,,,1,,,,,,2015,,,
HONDURAS,172,"3,357",386,385,"2,376","24,850",256,"1,307",356,2015,,,
HUNGARY,,,,2,,,,,1,2015,,,
INDIA,2,4,6,26,31,"1,038",7,"1,291",79,2015,,,
INDONESIA,1,,,1,,,,,,2015,,,
IRAN,,1,2,4,,1,1,,,2015,,,
IRAQ,,,,1,1,3,1,,1,2015,,,
IRELAND,,,,,,,,,,2015,,,
ISRAEL,6,1,1,3,,1,,3,1,2015,,,
ITALY,,,1,,,1,1,1,1,2015,,,
IVORY COAST,,,,1,,,,,,2015,,,
JAMAICA,5,,,6,,1,2,,1,2015,,,
JAPAN,1,,,1,1,,,,1,2015,,,
JORDAN,,,,2,,,,,,2015,,,
KAZAKHSTAN,,,,1,,,,,,2015,,,
KENYA,2,,1,2,1,1,,,1,2015,,,
KOREA,,,,2,,,,,,2015,,,
KOSOVO,,,,,,1,,,,2015,,,
KUWAIT,2,,,2,,,,,,2015,,,
KYRGYZSTAN,,,,1,,,,,,2015,,,
LAOS,1,,,,,,1,,,2015,,,
LATVIA,,,,,,,,,,2015,,,
LEBANON,,,1,,,,,,,2015,,,
LIBERIA,,,,1,,,,,,2015,,,
LITHUANIA,,,,1,,,,,,2015,,,
MACEDONIA,,,2,,,6,,,,2015,,,
MALAYSIA,,2,,,,,,,,2015,,,
MALI,,,,1,,,,,,2015,,,
MEXICO,"2,177","10,874","11,320","10,677","25,766","48,173","24,269","48,916","3,845",2015,,,
MOLDOVA,2,2,,7,1,,,,,2015,,,
MONGOLIA,,,,1,,,1,,,2015,,,
MONTENEGRO,,,,,,1,,,,2015,,,
MOROCCO,1,,,,,,,,,2015,,,
NAMIBIA,,,,,,,1,,,2015,,,
NEPAL,1,,,2,1,373,,31,,2015,,,
NETHERLANDS,1,,,3,,,,,,2015,,,
NEW ZEALAND,,1,,1,,,,,,2015,,,
NICARAGUA,6,82,7,15,92,741,11,56,5,2015,,,
NIGERIA,6,1,,9,1,4,,,,2015,,,
PAKISTAN,3,,13,2,1,14,16,1,,2015,,,
PANAMA,1,3,4,2,,3,,2,,2015,,,
PARAGUAY,,,,,,1,,1,,2015,,,
PERU,4,13,9,17,70,231,12,50,4,2015,,,
PHILIPPINES,4,,2,7,,1,2,,1,2015,,,
POLAND,,,,,,2,,,,2015,,,
PORTUGAL,,,,,,,1,,,2015,,,
ROMANIA,1,1,1,1,2,107,84,94,105,2015,,,
RUSSIA,4,,,3,2,1,3,1,,2015,,,
SAUDI ARABIA,,,,5,,,4,,,2015,,,
SENEGAL,,,,1,1,,,,,2015,,,
SERBIA,,,,,,1,,,,2015,,,
SERBIA AND MONTENEGRO,,,,,,,,,,2015,,,
SIERRA LEONE,,,,1,,,,,,2015,,,
SOMALIA,,,,,,,,,,2015,,,
SOUTH AFRICA,,,,2,,,,,,2015,,,
SOUTH KOREA,4,,1,10,,,4,,,2015,,,
SPAIN,3,2,1,1,2,4,1,,,2015,,,
SRI LANKA,1,,,1,,106,,1,,2015,,,
ST. LUCIA,,,,2,,,,,,2015,,,
STATELESS,,,,,,,,,,2015,,,
SUDAN,,,,,,,,,,2015,,,
SWEDEN,,,,,,,1,,,2015,,,
SWITZERLAND,1,,,,,,,,,2015,,,
SYRIA,,,,2,,3,,,,2015,,,
TAIWAN,3,,,5,,,,,,2015,,,
TAJIKISTAN,,,,,,7,,1,,2015,,,
TANZANIA,,,,,,,,,,2015,,,
THAILAND,,,,3,,1,1,,1,2015,,,
TRINIDAD AND TOBAGO,,,,2,,,,,1,2015,,,
TUNISIA,,,,,,1,1,,,2015,,,
TURKEY,2,,2,1,6,23,2,,1,2015,,,
TURKMENISTAN,,,,,,,,,,2015,,,
TURKS AND CAICOS ISLANDS,,,,,,,,,,2015,,,
UKRAINE,,,1,4,1,1,3,,,2015,,,
UNITED ARAB EMIRATES,,,,,,,,1,,2015,,,
UNITED KINGDOM,6,,,1,,,2,1,1,2015,,,
UNKNOWN,1,,1,3,,2,,,,2015,,,
URUGUAY,,,,1,1,2,,,,2015,,,
UZBEKISTAN,,,,,,4,,1,,2015,,,
VENEZUELA,1,1,,,6,4,2,6,3,2015,,,
VIETNAM,4,,,4,,7,2,,,2015,,,
YEMEN,,,,,,,,,,2015,,,
YUGOSLAVIA,,,,,,1,,,,2015,,,
ZIMBABWE,,,,1,,,,,,2015,,,
AFGHANISTAN,,,5,,,,11,2,,2016,,,
ALBANIA,,,1,1,1,104,,,,2016,,,
ALGERIA,1,1,,1,,,,,,2016,,,
ANGOLA,,,,1,,,,,,2016,,,
ANTIGUA-BARBUDA,,,,,,,,,,2016,,,
ARGENTINA,,,1,4,1,5,3,2,,2016,,,
ARMENIA,,,,,,,1,1,1,2016,,,
AUSTRALIA,,,,1,,,,,,2016,,,
BAHAMAS,,1,,1,,1,,,,2016,,,
BANGLADESH,,,59,1,1,457,107,7,,2016,,,
BELARUS,1,,,,,,1,,,2016,,,
BELGIUM,1,,,,,,,,1,2016,,,
BELIZE,,1,,,5,29,2,3,,2016,,,
BOLIVIA,2,,,2,,21,2,1,,2016,,,
BOTSWANA,,,,,,,,,,2016,,,
BRAZIL,13,125,80,"1,162",648,871,42,167,10,2016,,,
BULGARIA,,,,1,2,,,,,2016,,,
BURKINA FASO,,,,1,,3,1,,,2016,,,
BURMA,,,,,,,2,,,2016,,,
BURUNDI,,,,,,,,,,2016,,,
CAMBODIA,,,,3,,,,,,2016,,,
CAMEROON,1,,,,,,,,,2016,,,
CANADA,2,,,1,,5,,,,2016,,,
CAYMAN ISLANDS,,,,,,1,,,,2016,,,
CHAD,,,,,,,,,,2016,,,
CHILE,3,,,1,3,2,,1,1,2016,,,
"CHINA, PEOPLES REPUBLIC OF",10,,511,31,3,756,855,125,29,2016,,,
COLOMBIA,5,13,5,37,25,179,11,21,6,2016,,,
CONGO,,,1,,,,,,,2016,,,
COSTA RICA,2,4,,14,5,37,1,20,2,2016,,,
CROATIA,,,,,,,,,,2016,,,
CUBA,2,10,2,3,9,42,7,3,,2016,,,
CZECH REPUBLIC,,,,4,,,,,1,2016,,,
CZECHOSLOVAKIA,,,,1,,,,,,2016,,,
DEM REP OF THE CONGO,,,,1,,,,,,2016,,,
DOMINICAN REPUBLIC,1,4,1,11,322,182,1,7,1,2016,,,
ECUADOR,121,26,8,304,655,910,19,640,30,2016,,,
EGYPT,2,,,,,,,,1,2016,,,
EL SALVADOR,401,"2,773",378,"1,617","2,061","61,734",613,"1,632",639,2016,,,
ERITREA,,,,,1,,,,,2016,,,
ETHIOPIA,,,1,1,,2,,2,,2016,,,
FRANCE,2,,,5,,,,1,2,2016,,,
GABON,1,,,,,,,,,2016,,,
GAMBIA,,,,,,,,,1,2016,,,
GEORGIA,,,,,,5,,,4,2016,,,
GERMANY,,,,4,1,,1,1,,2016,,,
GHANA,2,,,1,,,1,,,2016,,,
GREECE,1,,,,,,,2,,2016,,,
GUADELOUPE,,,,,,1,,,,2016,,,
GUATEMALA,"2,783","1,710","1,735","7,549","4,680","33,842","2,166","12,026","8,110",2016,,,
GUYANA,,,,2,,,,,,2016,,,
HAITI,,,,,2,1,,,,2016,,,
HONDURAS,180,"5,344",682,"1,043","2,610","39,052",510,"2,684",847,2016,,,
HONG KONG,,,,,,,,,,2016,,,
HUNGARY,,,,3,,,,,,2016,,,
INDIA,6,6,"1,455",11,33,591,506,776,96,2016,,,
INDONESIA,1,,1,1,,4,,,,2016,,,
IRAN,,1,1,3,,2,2,1,,2016,,,
IRAQ,,,,,,1,1,,,2016,,,
IRELAND,,,,,,2,5,,10,2016,,,
ISRAEL,1,,,1,,1,,,,2016,,,
ITALY,3,,,,,4,6,,8,2016,,,
IVORY COAST,,,,1,,,,,,2016,,,
JAMAICA,7,,3,8,,3,,1,2,2016,,,
JORDAN,2,,,1,,,1,1,1,2016,,,
KAZAKHSTAN,3,,,,,,,,1,2016,,,
KENYA,1,,,6,,,,,,2016,,,
KOREA,,,,,,,,,1,2016,,,
KOSOVO,,,,,3,13,,,,2016,,,
KUWAIT,,,,1,,,1,,,2016,,,
KYRGYZSTAN,,,,1,,,,,,2016,,,
LAOS,1,,,,,,,,,2016,,,
LATVIA,1,1,,,,,,,,2016,,,
LEBANON,1,,,,,,,,,2016,,,
LIBERIA,1,,,,,,,1,,2016,,,
LIBYA,,,,,,,,,,2016,,,
LITHUANIA,,,,,,,1,,,2016,,,
MACEDONIA,,,3,,1,3,1,,1,2016,,,
MALI,,,,,,,2,,,2016,,,
MAURITANIA,,,,,,,,,,2016,,,
MEXICO,"2,728","12,953","14,361","13,660","25,337","46,334","25,380","46,494","3,513",2016,,,
MOLDOVA,,,,3,,,1,,,2016,,,
MONGOLIA,,,,,,,,,,2016,,,
MONTENEGRO,,,,,,,,,,2016,,,
MOROCCO,,,,,,,,1,,2016,,,
NEPAL,,,42,7,,52,398,51,,2016,,,
NETHERLANDS,,,,,,,,,,2016,,,
NICARAGUA,8,66,18,39,64,952,26,114,11,2016,,,
NIGERIA,7,,,10,,1,1,,,2016,,,
PAKISTAN,1,9,65,2,,6,222,9,,2016,,,
PALAU,,,,,,,,1,,2016,,,
PANAMA,,2,,2,1,9,1,,,2016,,,
PARAGUAY,,,,3,2,3,,,,2016,,,
PERU,10,18,11,20,74,248,11,54,3,2016,,,
PHILIPPINES,7,1,,7,,2,3,2,,2016,,,
POLAND,2,1,,4,,,,,,2016,,,
PORTUGAL,,,1,,,,,,1,2016,,,
ROMANIA,,1,,,3,218,932,27,825,2016,,,
RUSSIA,2,1,1,1,1,1,2,1,1,2016,,,
SAUDI ARABIA,,,,,1,,7,,,2016,,,
SENEGAL,,,,1,,,2,,,2016,,,
SERBIA,,,,,,,,,,2016,,,
SLOVAKIA,,,,,,,,,,2016,,,
SOMALIA,,,,,1,1,2,,,2016,,,
SOUTH AFRICA,,,,,,,,,,2016,,,
SOUTH KOREA,7,,,4,,,,,6,2016,,,
SPAIN,,1,,1,,5,1,1,,2016,,,
SRI LANKA,1,,9,,1,31,,,,2016,,,
ST. LUCIA,,,,1,,,,,,2016,,,
SWEDEN,,,,,,,1,1,,2016,,,
SWITZERLAND,,,,1,,,,,,2016,,,
SYRIA,,,,,,1,,,1,2016,,,
TAIWAN,1,,,1,,,,,,2016,,,
TAJIKISTAN,,,,,,7,,,,2016,,,
TANZANIA,,,,1,,,,,,2016,,,
THAILAND,3,,,4,,,,,,2016,,,
TONGA,1,,,,,,,,,2016,,,
TRINIDAD AND TOBAGO,1,,,1,,2,,,,2016,,,
TUNISIA,,,,,,,1,,,2016,,,
TURKEY,3,,4,,,60,5,,,2016,,,
UGANDA,,,,1,,,,,,2016,,,
UKRAINE,3,,2,1,,,3,2,,2016,,,
UNITED ARAB EMIRATES,,,,1,,,,,,2016,,,
UNITED KINGDOM,6,,,3,,1,1,1,2,2016,,,
URUGUAY,1,1,,1,1,,,1,,2016,,,
UZBEKISTAN,,,,1,,8,,,,2016,,,
VENEZUELA,2,4,,2,4,22,2,3,1,2016,,,
VIETNAM,6,,,3,,,6,,,2016,,,
YEMEN,,,1,,,,,,,2016,,,
ZIMBABWE,1,,,2,,,,,,2016,,,
AFGHANISTAN,,,,,,2,9,1,2,2017,,,
ALBANIA,,,1,,1,47,,,,2017,,,
ALGERIA,,,,,,,1,,,2017,,,
ANGOLA,,,,,,,,,,2017,,,
ARGENTINA,2,,1,4,2,6,1,2,,2017,,,
AUSTRALIA,1,,,,,,,,,2017,,,
AZERBAIJAN,,,,,,1,,,,2017,,,
BAHAMAS,,,,,,,,,,2017,,,
BANGLADESH,,,11,1,182,304,66,,,2017,,,
BELARUS,,,,,,,,,,2017,,,
BELGIUM,,,,,,,,,,2017,,,
BELIZE,1,3,2,3,2,35,5,,,2017,,,
BENIN,1,,,,,,,,,2017,,,
BOLIVIA,,1,1,3,4,11,1,1,,2017,,,
BOSNIA-HERZEGOVINA,,,,,1,,,,,2017,,,
BRAZIL,23,44,162,"1,685",208,372,56,40,31,2017,,,
BULGARIA,,,,1,,1,1,,,2017,,,
BURKINA FASO,,,,,,,,,,2017,,,
BURMA,,,,,,1,,,,2017,,,
BURUNDI,,,,,,,,,,2017,,,
CAMBODIA,,,,,,,1,1,,2017,,,
CAMEROON,1,,,,,,4,,,2017,,,
CANADA,,,,,,1,2,,2,2017,,,
CHAD,,,,,,,,,,2017,,,
CHILE,2,,1,,,3,4,1,1,2017,,,
"CHINA, PEOPLES REPUBLIC OF",2,3,309,10,9,702,234,79,16,2017,,,
COLOMBIA,2,3,8,20,15,121,15,5,7,2017,,,
CONGO,,,,,1,,,,,2017,,,
COSTA RICA,2,7,,2,5,25,1,5,,2017,,,
CUBA,2,14,3,4,32,81,4,4,3,2017,,,
CYPRUS,,,,,,,1,,,2017,,,
CZECH REPUBLIC,,,,,,,,1,,2017,,,
CZECHOSLOVAKIA,,,,,,,,,,2017,,,
DJIBOUTI,,,,,,,,,,2017,,,
DOMINICAN REPUBLIC,3,2,1,4,97,70,1,3,,2017,,,
ECUADOR,63,29,5,127,435,511,8,233,18,2017,,,
EGYPT,1,1,,1,,1,1,1,,2017,,,
EL SALVADOR,412,"1,293",322,"2,938","1,212","40,651","1,189","1,103",640,2017,,,
EQUATORIAL GUINEA,,,,,,2,,,,2017,,,
ERITREA,,,1,,,,5,,,2017,,,
ESTONIA,,,,,,,,,,2017,,,
ETHIOPIA,,,,,,,1,,,2017,,,
FRANCE,,,2,3,,,2,1,1,2017,,,
GABON,,,,,,,,,,2017,,,
GAMBIA,,,,,,1,,,,2017,,,
GEORGIA,,,,,2,5,,,,2017,,,
GERMANY,2,,,,,,,,,2017,,,
GHANA,1,,,,1,2,10,,1,2017,,,
GREECE,,,,,,,,,,2017,,,
GUADELOUPE,,,,,,4,,,,2017,,,
GUATEMALA,"2,553","1,098","1,929","8,242","3,769","28,751","2,544","8,450","8,535",2017,,,
GUINEA,,,,,,,,,,2017,,,
GUYANA,,,,,,,,,,2017,,,
HAITI,,,1,2,,,54,,,2017,,,
HONDURAS,173,"3,574",881,"2,106","1,771","34,903",876,"2,220",756,2017,,,
HUNGARY,2,,,5,,1,1,,,2017,,,
INDIA,3,,"2,028",10,25,54,757,26,40,2017,,,
INDONESIA,2,,1,1,1,,,,,2017,,,
IRAN,1,,2,,,1,2,,1,2017,,,
IRAQ,,,,,,,,1,,2017,,,
IRELAND,1,,,,,,,,,2017,,,
ISRAEL,5,,,4,,1,,,1,2017,,,
ITALY,2,,,,1,1,,1,,2017,,,
IVORY COAST,1,,,1,,,,1,,2017,,,
JAMAICA,5,,,7,,,,2,1,2017,,,
JAPAN,1,,,3,,,,,,2017,,,
JORDAN,3,1,,3,,2,1,,,2017,,,
KAZAKHSTAN,4,,,1,,,,,,2017,,,
KENYA,,,1,1,,,,,,2017,,,
KOREA,,,,1,,,,,,2017,,,
KOSOVO,,,,2,,34,9,,,2017,,,
KUWAIT,1,,,2,,,,,,2017,,,
LAOS,,,,,,,,,,2017,,,
LATVIA,,,,1,,,,,,2017,,,
LEBANON,,,,,,,1,,,2017,,,
LIBERIA,,,,2,,,,,,2017,,,
LITHUANIA,,,,1,,,,,,2017,,,
MACEDONIA,,,,,,7,,,,2017,,,
MALAYSIA,,,,1,,,,,,2017,,,
MALI,,,,,,,,,1,2017,,,
MAURITANIA,,,,,,,,,,2017,,,
MEXICO,"2,656","7,320","12,821","9,856","17,569","29,653","19,026","26,329","2,708",2017,,,
MOLDOVA,,,,,,,2,,,2017,,,
MONGOLIA,,,,,,,,,,2017,,,
MONTENEGRO,,,,,,2,,,,2017,,,
MOROCCO,,,,,,,,,,2017,,,
NEPAL,,,12,1,1,10,619,4,,2017,,,
NETHERLANDS,1,,,,,,1,,,2017,,,
NEW ZEALAND,1,,,,,,,,,2017,,,
NICARAGUA,12,56,12,56,42,741,27,106,5,2017,,,
NIGERIA,9,,,11,,6,1,,1,2017,,,
PAKISTAN,,3,35,1,1,19,161,3,1,2017,,,
PANAMA,,1,,2,,3,,,,2017,,,
PARAGUAY,,,,1,1,1,,,,2017,,,
PERU,3,15,8,22,55,226,17,23,3,2017,,,
PHILIPPINES,1,,,4,,1,,,1,2017,,,
POLAND,,,,1,,,,,,2017,,,
PORTUGAL,,,,3,,,,,,2017,,,
ROMANIA,,,14,1,,94,261,3,60,2017,,,
RUSSIA,2,1,1,,,,2,1,1,2017,,,
RWANDA,,,,,1,,,,,2017,,,
SAUDI ARABIA,3,,1,,,3,7,,,2017,,,
SENEGAL,,,,1,,,,,,2017,,,
SERBIA,,,,,,1,,,1,2017,,,
SERBIA AND MONTENEGRO,1,,,,,,,,,2017,,,
SEYCHELLES,,,,,,,,,,2017,,,
SIERRA LEONE,,,,,,,,,,2017,,,
SLOVAKIA,,,,,,1,,,,2017,,,
SOMALIA,,,5,1,1,,41,,,2017,,,
SOUTH AFRICA,,,,,,,4,,1,2017,,,
SOUTH KOREA,4,,2,3,,1,,,,2017,,,
SPAIN,2,,,4,1,,,,,2017,,,
SRI LANKA,2,,33,3,,6,3,,1,2017,,,
ST. KITTS-NEVIS,,,,,,,,,,2017,,,
ST. LUCIA,,,,,,1,,,,2017,,,
STATELESS,,,,,,,,,,2017,,,
SUDAN,,,,,,,1,,,2017,,,
SURINAME,,1,,,,,,,,2017,,,
SWAZILAND,,,,,,,,,,2017,,,
SWITZERLAND,,,,,,,,,,2017,,,
SYRIA,,,1,1,,1,2,,1,2017,,,
TAIWAN,,,,3,,,,,,2017,,,
TAJIKISTAN,,,,,,,,,,2017,,,
TANZANIA,,,,,,,,,,2017,,,
THAILAND,1,,,1,,,,,3,2017,,,
TOGO,2,,,,,,,,,2017,,,
TONGA,,,,2,,,,,1,2017,,,
TRINIDAD AND TOBAGO,2,,1,,,1,,,,2017,,,
TURKEY,,,1,1,2,21,6,3,1,2017,,,
TURKS AND CAICOS ISLANDS,,,,,,,,,,2017,,,
UGANDA,2,,,,,,,,,2017,,,
UKRAINE,1,,2,2,,,1,,,2017,,,
UNITED KINGDOM,5,,,,,,3,,,2017,,,
URUGUAY,,,,1,,3,,1,,2017,,,
UZBEKISTAN,,,1,,,6,2,,,2017,,,
VENEZUELA,8,6,5,3,10,38,2,1,,2017,,,
VIETNAM,6,,5,6,,2,28,1,1,2017,,,
YEMEN,,,,,,,1,,,2017,,,
YUGOSLAVIA,,,,,,6,,,,2017,,,
ZAMBIA,,,,,,,,,,2017,,,
ZIMBABWE,,,,,,,,,,2017,,,
AFGHANISTAN,,1,4,,,,4,,,2018,,,
ALBANIA,,1,,,,13,,1,,2018,,,
ALGERIA,,,,,,,,,,2018,,,
ANGOLA,,,,,,,,,,2018,,,
ARGENTINA,1,,2,,2,2,1,,,2018,,,
ARMENIA,,,,,,1,1,,,2018,,,
AUSTRALIA,1,,,1,,,,,,2018,,,
AZERBAIJAN,2,,,,,1,,,,2018,,,
BAHAMAS,,,,,,,,,,2018,,,
BANGLADESH,,10,17,,677,327,167,,,2018,,,
BARBADOS,1,,,,,,,,,2018,,,
BELARUS,,,,1,1,,,,,2018,,,
BELGIUM,,,,,,,,,,2018,,,
BELIZE,1,12,,3,,49,3,3,1,2018,,,
BENIN,,,,,,,,,,2018,,,
BHUTAN,,,,,,,,,,2018,,,
BOLIVIA,,,,1,5,9,1,2,1,2018,,,
BOSNIA-HERZEGOVINA,,,,,,,,,1,2018,,,
BRAZIL,41,27,34,462,255,587,58,22,18,2018,,,
BULGARIA,,,,,,,,,,2018,,,
BURKINA FASO,1,,,,,,2,,,2018,,,
BURMA,1,,,1,,1,,,,2018,,,
CAMEROON,,1,,1,,,9,,,2018,,,
CANADA,1,1,,,1,1,,1,1,2018,,,
CAPE VERDE,,,,,,,,,,2018,,,
CHAD,,,,,,,1,,,2018,,,
CHILE,1,1,,2,1,3,,,,2018,,,
"CHINA, PEOPLES REPUBLIC OF",9,1,40,12,3,708,125,61,32,2018,,,
COLOMBIA,8,5,6,20,16,103,14,18,2,2018,,,
CONGO,,,,,,,,,,2018,,,
COSTA RICA,1,2,1,2,,20,5,3,,2018,,,
CUBA,3,7,1,5,16,31,5,5,1,2018,,,
CYPRUS,,,,,,,,,,2018,,,
CZECH REPUBLIC,,,,,,,,,,2018,,,
CZECHOSLOVAKIA,,,,,,,,,,2018,,,
DOMINICAN REPUBLIC,2,5,2,7,122,93,1,2,,2018,,,
ECUADOR,79,63,17,131,353,651,7,175,19,2018,,,
EGYPT,,,,,1,2,1,,1,2018,,,
EL SALVADOR,198,814,416,"2,657",968,"23,513","1,191",897,715,2018,,,
ERITREA,,,,,,1,44,,,2018,,,
ESTONIA,,,1,,,,,,,2018,,,
ETHIOPIA,,,,,,,9,,,2018,,,
FRANCE,1,,,2,,,,,1,2018,,,
GABON,,,,,,,,,1,2018,,,
GAMBIA,,,,,,,11,,,2018,,,
GEORGIA,,,,,,,,,,2018,,,
GERMANY,1,,,,,,,1,,2018,,,
GHANA,3,,,2,,1,56,1,,2018,,,
GUATEMALA,"3,943","1,456","4,059","11,550","5,690","48,336","3,654","17,398","19,636",2018,,,
GUINEA,,,,,,,,,,2018,,,
GUYANA,,,,1,,,,,1,2018,,,
HAITI,1,,1,4,,1,5,,,2018,,,
HONDURAS,249,"5,762","1,668","6,821","1,989","53,263","1,686","3,103","1,972",2018,,,
HUNGARY,3,1,1,1,,,,,,2018,,,
INDIA,4,7,"3,978",17,59,184,"3,316",461,971,2018,,,
INDONESIA,,,,,,1,,,,2018,,,
IRAN,,,,,1,1,2,,,2018,,,
IRAQ,,,2,2,,,,2,,2018,,,
IRELAND,,,1,,,2,,,1,2018,,,
ISRAEL,4,,2,3,,,,,,2018,,,
ITALY,,1,,2,1,,,1,2,2018,,,
IVORY COAST,1,,,,,,,,,2018,,,
JAMAICA,8,,,6,,2,,4,1,2018,,,
JAPAN,,,,1,,,,,,2018,,,
JORDAN,,2,,,,,1,,,2018,,,
KAZAKHSTAN,1,,,,,,,,,2018,,,
KENYA,1,,,,,,,,,2018,,,
KOREA,,,,1,,1,,,,2018,,,
KOSOVO,,,,,,38,,,,2018,,,
KUWAIT,,,,1,,,,,,2018,,,
KYRGYZSTAN,,,,,,,,,,2018,,,
LAOS,,,,,,,,,2,2018,,,
LATVIA,,,,2,,,,,,2018,,,
LEBANON,,,,,,2,,,,2018,,,
LIBERIA,,,,,,,,,1,2018,,,
LITHUANIA,,,,,,,1,,,2018,,,
MACEDONIA,,,,,,5,,,,2018,,,
MALAWI,,,,,,,,,,2018,,,
MALAYSIA,1,,,,,,,,3,2018,,,
MALI,,,,,,,1,1,,2018,,,
MARTINIQUE,,,,,,,,,,2018,,,
MAURITANIA,,,,,,,1,,,2018,,,
MEXICO,"3,411","7,474","18,781","9,402","22,279","31,453","27,082","29,786","2,589",2018,,,
MOLDOVA,1,,,1,1,,,1,,2018,,,
MONGOLIA,1,,,2,,,,,,2018,,,
MONTENEGRO,2,,,,,,,,,2018,,,
MOROCCO,,,,,,,,,,2018,,,
NEPAL,,,27,,,1,690,,,2018,,,
NETHERLANDS,,,,,1,,,,,2018,,,
NICARAGUA,16,144,30,349,115,"2,171",83,155,219,2018,,,
NIGER,,,,,,,,,,2018,,,
NIGERIA,7,1,1,4,,5,5,,,2018,,,
OMAN,,1,,,,,,,,2018,,,
PAKISTAN,1,1,40,1,,4,104,1,1,2018,,,
PANAMA,,,,1,,,,,,2018,,,
PARAGUAY,,1,,,,2,1,,,2018,,,
PERU,6,13,6,38,56,275,13,55,4,2018,,,
PHILIPPINES,1,,,2,2,2,,,2,2018,,,
POLAND,,,1,,,,1,,,2018,,,
PORTUGAL,2,,,1,,1,,,,2018,,,
ROMANIA,1,,3,,2,205,6,2,31,2018,,,
RUSSIA,,2,1,,,3,4,2,1,2018,,,
RWANDA,,,,,,,,,,2018,,,
SAUDI ARABIA,1,,,,,,2,,,2018,,,
SENEGAL,,,,,,,,,,2018,,,
SERBIA,,,,,,,,,1,2018,,,
SERBIA AND MONTENEGRO,1,,,,,,,,,2018,,,
SIERRA LEONE,,,,,,,4,,,2018,,,
SLOVAKIA,,,,,,,,,,2018,,,
SOMALIA,,,,,,2,31,,,2018,,,
SOUTH AFRICA,,,,2,,,2,,,2018,,,
SOUTH KOREA,,1,,1,,1,,,,2018,,,
SPAIN,5,,1,1,,4,1,1,,2018,,,
SRI LANKA,1,,81,1,11,83,11,,8,2018,,,
ST. VINCENT-GRENADINES,,,,,,,,,,2018,,,
SUDAN,,,,,,,1,,,2018,,,
SWEDEN,,,,,,,,,,2018,,,
SWITZERLAND,,,1,,,,,,,2018,,,
SYRIA,,,,1,2,,,,,2018,,,
TAIWAN,,,,2,,1,,,,2018,,,
TAJIKISTAN,,,,,,1,,,,2018,,,
TANZANIA,,,,,,,,,,2018,,,
THAILAND,,,,2,,1,1,1,1,2018,,,
TOGO,,,,1,,,1,,,2018,,,
TONGA,1,,,,,,1,,,2018,,,
TRINIDAD AND TOBAGO,2,,,,1,2,,1,,2018,,,
TUNISIA,1,,,1,,,,,,2018,,,
TURKEY,,1,1,14,1,28,4,2,1,2018,,,
TURKS AND CAICOS ISLANDS,,,,,,,,,,2018,,,
UKRAINE,2,,,2,,1,1,,,2018,,,
UNITED ARAB EMIRATES,,,,,,,,,,2018,,,
UNITED KINGDOM,5,1,,1,,1,1,,1,2018,,,
UNKNOWN,,1,,,,,,,,2018,,,
URUGUAY,,1,,,,3,,,,2018,,,
USSR,1,1,,,,,,,,2018,,,
UZBEKISTAN,,,,,,,,,1,2018,,,
VENEZUELA,2,4,2,7,6,36,2,3,,2018,,,
VIETNAM,2,,,2,,7,148,,,2018,,,
YEMEN,,6,1,,3,16,7,,,2018,,,
ZAMBIA,,,,,,,,,,2018,,,
ZIMBABWE,,,,,,,1,,,2018,,,
AFGHANISTAN,,,2,,,1,8,,1,2019,,,
ALBANIA,,1,,,2,22,1,,,2019,,,
ALGERIA,,,,,,,1,,,2019,,,
ANGOLA,1,214,,,,,,,,2019,,,
ANTIGUA-BARBUDA,,,,,,,,,,2019,,,
ARGENTINA,,2,2,,1,5,1,,,2019,,,
ARMENIA,,,,,,1,3,,,2019,,,
AUSTRALIA,,,,,,,,,,2019,,,
AZERBAIJAN,,,,1,,,,,,2019,,,
BAHAMAS,,,,,,,,,,2019,,,
BANGLADESH,,13,93,,200,647,283,,,2019,,,
BARBADOS,,,,2,,,,,,2019,,,
BELARUS,,,,1,,1,,,,2019,,,
BELIZE,5,28,1,35,2,96,6,8,13,2019,,,
BENIN,,1,,,,,,,,2019,,,
BOLIVIA,2,1,,1,7,10,,,1,2019,,,
BOSNIA-HERZEGOVINA,,,,,,,,,,2019,,,
BRAZIL,33,175,34,16936,201,381,117,11,5,2019,,,
BULGARIA,,1,1,1,,,1,,,2019,,,
BURKINA FASO,,4,,1,,,7,,,2019,,,
BURMA,,,1,,,,,,1,2019,,,
BURUNDI,1,,,,,,,2,,2019,,,
CAMBODIA,1,,,1,,,1,,,2019,,,
CAMEROON,1,120,,2,,2,98,,9,2019,,,
CANADA,1,,1,,2,2,,1,,2019,,,
CHAD,,,,,,,1,,,2019,,,
CHILE,7,131,,4,,4,43,,1,2019,,,
"CHINA, PEOPLES REPUBLIC OF",30,6,209,103,74,1333,173,51,81,2019,,,
COLOMBIA,6,19,11,55,21,197,28,30,34,2019,,,
CONGO,,188,,,,,1,,,2019,,,
COSTA RICA,,6,4,12,2,39,3,7,7,2019,,,
CROATIA,,,,,,,,,,2019,,,
CUBA,85,752,103,6283,27,3556,65,37,737,2019,,,
CZECH REPUBLIC,4,,,,,,,,,2019,,,
CZECHOSLOVAKIA,,,,,,,,,,2019,,,
DEM REP OF THE CONGO,,609,,4,,1,,,,2019,,,
DOMINICA,,,,,,1,,,,2019,,,
DOMINICAN REPUBLIC,,7,3,11,86,185,3,11,,2019,,,
ECUADOR,193,1056,304,3586,825,5358,99,1278,432,2019,,,
EGYPT,,,,1,,3,1,,,2019,,,
EL SALVADOR,907,3681,992,16000,1252,59112,3271,1670,2926,2019,,,
EQUATORIAL GUINEA,1,,,,,1,,,,2019,,,
ERITREA,,,1,,,,54,,,2019,,,
ESTONIA,,,,,,,,,,2019,,,
ETHIOPIA,,,,1,,1,3,,,2019,,,
FIJI,,,,1,,,,,,2019,,,
FRANCE,4,,2,2,,,,,,2019,,,
GABON,,1,,,,,,,,2019,,,
GAMBIA,,,,,,,7,,,2019,,,
GEORGIA,,5,,,1,4,1,,,2019,,,
GERMANY,,,,,,,,,,2019,,,
GHANA,,5,1,1,,,95,,,2019,,,
GREECE,,,1,1,,,,,,2019,,,
GUADELOUPE,,,,3,,1,,,,2019,,,
GUATEMALA,2573,3745,7241,79484,6432,81425,9932,23794,49542,2019,,,
GUINEA,1,31,,,,,9,,,2019,,,
GUINEA-BISSAU,,,,,,,1,,,2019,,,
GUYANA,,1,,,,1,,,,2019,,,
HAITI,,1569,1,2,,3,470,1,,2019,,,
HONDURAS,2230,34118,3339,42160,2705,146054,7902,6559,8728,2019,,,
HUNGARY,3,,,,,,,,,2019,,,
INDIA,7,69,2970,33,11,143,3013,440,989,2019,,,
INDONESIA,,,,,,,,,1,2019,,,
IRAN,,,1,2,,1,8,2,,2019,,,
IRAQ,,,,,,1,2,1,,2019,,,
IRELAND,,,,,,1,,,2,2019,,,
ISRAEL,1,1,1,1,,,1,,,2019,,,
ITALY,2,,,4,,2,,,,2019,,,
IVORY COAST,,10,,,,,1,,,2019,,,
JAMAICA,3,,,,,3,4,1,,2019,,,
JORDAN,4,,1,,,1,,,,2019,,,
KAZAKHSTAN,2,,4,1,,1,4,,,2019,,,
KENYA,1,1,,1,,,,,,2019,,,
KOREA,1,,2,,,,,,,2019,,,
KOSOVO,,,,7,,23,1,,,2019,,,
KYRGYZSTAN,,,,,1,,,,,2019,,,
LAOS,1,,,,,,,,1,2019,,,
LATVIA,,,,1,,,,,,2019,,,
LEBANON,,,,,,,1,1,,2019,,,
LIBERIA,1,1,,,,,1,,,2019,,,
LITHUANIA,,,,,1,1,,,1,2019,,,
MALAYSIA,,,2,,,,,,,2019,,,
MALI,,,,,,,3,,,2019,,,
MAURITANIA,,3,,,,,21,,,2019,,,
MEXICO,3431,9241,19269,15183,26209,29840,30796,29194,3295,2019,,,
MOLDOVA,,,,,,,,,,2019,,,
MONGOLIA,,,,,,,,,,2019,,,
MONTENEGRO,,,,,,1,,,1,2019,,,
MOROCCO,1,,,1,,,2,,,2019,,,
NEPAL,,,22,5,1,3,301,2,2,2019,,,
NETHERLANDS,,,,,,,,,,2019,,,
NEW ZEALAND,,,,,,,,,,2019,,,
NICARAGUA,42,706,95,1774,242,8577,286,265,1322,2019,,,
NIGER,,1,,,,,,,,2019,,,
NIGERIA,4,11,1,5,,4,3,,3,2019,,,
NORTH MACEDONIA,,,,,,1,,,,2019,,,
PAKISTAN,1,2,67,,,12,89,4,,2019,,,
PALAU,,,,,,,,,,2019,,,
PANAMA,1,13,,1,1,10,1,1,1,2019,,,
PARAGUAY,,,1,,,1,,,,2019,,,
PERU,15,16,11,68,36,433,54,91,11,2019,,,
PHILIPPINES,3,2,1,1,,1,4,,1,2019,,,
POLAND,1,,,,,,1,,,2019,,,
PORTUGAL,,,1,2,,,,,,2019,,,
QATAR,,,,2,,,,,,2019,,,
ROMANIA,,,9,,2,171,17,,90,2019,,,
RUSSIA,,2,2,,1,9,3,1,3,2019,,,
RWANDA,,,1,,,,,,,2019,,,
SAUDI ARABIA,,,,,,1,,,,2019,,,
SENEGAL,,6,,,,1,9,,1,2019,,,
SERBIA,1,,,6,,,,,,2019,,,
SERBIA AND MONTENEGRO,,,,2,,,,,,2019,,,
SIERRA LEONE,,3,,,,,5,,,2019,,,
SLOVAKIA,1,,,,,,,,,2019,,,
SLOVENIA,,,,,,,,,,2019,,,
SOMALIA,,1,,,,,,,,2019,,,
SOUTH AFRICA,,,,,,2,2,,,2019,,,
SOUTH KOREA,4,,,1,,1,,,2,2019,,,
SPAIN,1,,5,5,,5,,1,1,2019,,,
SRI LANKA,,11,235,,8,153,52,,6,2019,,,
ST. LUCIA,,,,,,,,,,2019,,,
ST. VINCENT-GRENADINES,,,,,,,,,,2019,,,
STATELESS,,,,,,,,,,2019,,,
SUDAN,,,,,,,4,1,,2019,,,
SWEDEN,,,,,,,,,,2019,,,
SWITZERLAND,,,,,,,,,,2019,,,
SYRIA,,,,,,2,,,,2019,,,
TAIWAN,,,1,,,,,,,2019,,,
TAJIKISTAN,,,,,,2,1,,,2019,,,
THAILAND,2,,,,,2,,,,2019,,,
TOGO,,6,,,,,8,,,2019,,,
TRINIDAD AND TOBAGO,1,,,2,,,,,,2019,,,
TUNISIA,2,,,,,,,,1,2019,,,
TURKEY,4,,,32,,13,8,,,2019,,,
TURKS AND CAICOS ISLANDS,,,,,,,,,,2019,,,
UGANDA,,1,,2,,,,,,2019,,,
UKRAINE,1,,2,1,,1,5,,,2019,,,
UNITED KINGDOM,,1,,1,,6,,,,2019,,,
UNKNOWN,,1,,,,,,,,2019,,,
URUGUAY,,1,,12,,7,,,1,2019,,,
USSR,,,,,,,,,,2019,,,
UZBEKISTAN,,,1,,,81,2,,,2019,,,
VENEZUELA,2,667,13,284,23,1133,43,24,13,2019,,,
VIETNAM,7,1,66,7,2,30,587,1,2,2019,,,
YEMEN,,,7,1,,8,17,,1,2019,,,
YUGOSLAVIA,,1,,,,,,,,2019,,,
ZAMBIA,,,,,,,,,,2019,,,
ZIMBABWE,,,,,,,,,,2019,,,
